Time,Well 101,Well 102,Well 103,Well 104,Well 105,Well 106,Well 107,Well 108,Well 109,Well 110,Well 111,Well 112,Well 113,Well 114,Well 115,Well 116,Well 117,Well 118,Well 119,Well 120,Well 121,Well 122,Well 123,Well 124,Well 125,Well 126,Well 127,Well 128,Well 129,Well 130,Well 131,Well 132,Well 133,Well 134,Well 135,Well 136,Well 137,Well 138,Well 139,Well 140,Well 141,Well 142,Well 143,Well 144,Well 145,Well 146,Well 147,Well 148,Well 149,Well 150,Well 151,Well 152,Well 153,Well 154,Well 155,Well 156,Well 157,Well 158,Well 159,Well 160,Well 161,Well 162,Well 163,Well 164,Well 165,Well 166,Well 167,Well 168,Well 169,Well 170,Well 171,Well 172,Well 173,Well 174,Well 175,Well 176,Well 177,Well 178,Well 179,Well 180,Well 181,Well 182,Well 183,Well 184,Well 185,Well 186,Well 187,Well 188,Well 189,Well 190,Well 191,Well 192,Well 193,Well 194,Well 195,Well 196,Well 197,Well 198,Well 199,Well 200,Well 201,Well 202,Well 203,Well 204,Well 205,Well 206,Well 207,Well 208,Well 209,Well 210,Well 211,Well 212,Well 213,Well 214,Well 215,Well 216,Well 217,Well 218,Well 219,Well 220,Well 221,Well 222,Well 223,Well 224,Well 225,Well 226,Well 227,Well 228,Well 229,Well 230
00:00:05,0.088,0.085,0.087,0.086,0.079,0.078,0.080,0.076,0.078,0.077,0.100,0.090,0.088,0.087,0.085,0.083,0.084,0.083,0.081,0.080,0.114,0.091,0.089,0.092,0.088,0.088,0.088,0.086,0.085,0.083,0.095,0.091,0.090,0.087,0.086,0.086,0.090,0.086,0.087,0.082,0.099,0.098,0.096,0.095,0.091,0.089,0.091,0.097,0.093,0.090,0.103,0.102,0.098,0.105,0.090,0.091,0.091,0.090,0.092,0.093,0.104,0.109,0.102,0.099,0.093,0.093,0.095,0.091,0.089,0.093,0.097,0.094,0.091,0.089,0.087,0.086,0.084,0.084,0.083,0.082,0.098,0.095,0.093,0.090,0.088,0.089,0.087,0.086,0.084,0.080,0.097,0.099,0.092,0.093,0.088,0.088,0.086,0.083,0.083,0.079,0.088,0.086,0.087,0.088,0.087,0.086,0.085,0.084,0.086,0.077,0.089,0.091,0.091,0.091,0.089,0.089,0.086,0.087,0.084,0.077,0.090,0.090,0.090,0.091,0.090,0.088,0.088,0.088,0.085,0.076
00:15:06,0.099,0.083,0.086,0.090,0.083,0.079,0.083,0.081,0.080,0.084,0.091,0.088,0.089,0.086,0.086,0.087,0.092,0.087,0.087,0.087,0.104,0.089,0.088,0.090,0.085,0.088,0.091,0.089,0.086,0.085,0.090,0.087,0.089,0.088,0.090,0.090,0.088,0.087,0.091,0.084,0.101,0.090,0.090,0.094,0.092,0.090,0.095,0.091,0.088,0.089,0.094,0.090,0.092,0.103,0.089,0.092,0.092,0.090,0.092,0.089,0.106,0.092,0.092,0.096,0.089,0.090,0.094,0.090,0.087,0.087,0.088,0.085,0.087,0.086,0.083,0.086,0.086,0.086,0.085,0.085,0.103,0.089,0.089,0.092,0.086,0.086,0.090,0.085,0.083,0.080,0.096,0.091,0.095,0.094,0.088,0.090,0.090,0.085,0.087,0.084,0.090,0.084,0.084,0.083,0.085,0.085,0.086,0.088,0.083,0.084,0.087,0.083,0.082,0.083,0.083,0.084,0.084,0.087,0.084,0.080,0.099,0.091,0.083,0.086,0.082,0.083,0.087,0.090,0.085,0.093
00:30:06,0.096,0.084,0.087,0.090,0.082,0.081,0.085,0.082,0.080,0.086,0.092,0.089,0.090,0.088,0.087,0.088,0.093,0.087,0.087,0.084,0.101,0.091,0.088,0.090,0.087,0.087,0.092,0.090,0.086,0.084,0.091,0.087,0.089,0.089,0.091,0.090,0.089,0.088,0.091,0.083,0.104,0.090,0.091,0.096,0.090,0.091,0.094,0.092,0.087,0.089,0.094,0.090,0.093,0.103,0.089,0.093,0.092,0.090,0.091,0.088,0.106,0.093,0.091,0.097,0.089,0.091,0.095,0.091,0.088,0.086,0.089,0.086,0.088,0.087,0.084,0.088,0.086,0.086,0.085,0.086,0.105,0.089,0.090,0.093,0.086,0.087,0.090,0.086,0.083,0.082,0.096,0.092,0.093,0.095,0.088,0.092,0.089,0.086,0.086,0.087,0.091,0.086,0.083,0.087,0.084,0.086,0.090,0.086,0.087,0.083,0.088,0.083,0.084,0.084,0.085,0.084,0.085,0.087,0.084,0.080,0.101,0.089,0.084,0.093,0.083,0.083,0.089,0.090,0.086,0.092
00:45:06,0.100,0.083,0.086,0.092,0.082,0.080,0.087,0.082,0.080,0.084,0.091,0.091,0.091,0.088,0.087,0.090,0.090,0.088,0.087,0.085,0.105,0.089,0.090,0.089,0.087,0.093,0.092,0.091,0.086,0.084,0.091,0.087,0.090,0.089,0.089,0.090,0.089,0.089,0.093,0.084,0.101,0.091,0.091,0.095,0.090,0.091,0.095,0.092,0.088,0.088,0.095,0.091,0.094,0.103,0.089,0.093,0.092,0.092,0.091,0.088,0.108,0.094,0.091,0.098,0.090,0.091,0.095,0.092,0.088,0.086,0.090,0.087,0.088,0.089,0.085,0.088,0.087,0.086,0.086,0.085,0.105,0.089,0.090,0.094,0.087,0.088,0.091,0.087,0.083,0.081,0.097,0.093,0.093,0.096,0.087,0.094,0.090,0.086,0.086,0.087,0.091,0.086,0.084,0.087,0.084,0.087,0.088,0.088,0.087,0.080,0.089,0.084,0.085,0.085,0.084,0.087,0.086,0.086,0.086,0.079,0.099,0.094,0.089,0.089,0.084,0.084,0.089,0.094,0.086,0.088
01:00:06,0.098,0.082,0.088,0.093,0.083,0.081,0.087,0.082,0.080,0.085,0.092,0.091,0.092,0.089,0.087,0.091,0.091,0.089,0.087,0.087,0.103,0.090,0.091,0.092,0.088,0.093,0.093,0.091,0.087,0.085,0.094,0.090,0.089,0.089,0.090,0.090,0.090,0.090,0.091,0.085,0.107,0.091,0.093,0.097,0.090,0.092,0.096,0.093,0.089,0.089,0.097,0.091,0.094,0.103,0.090,0.096,0.093,0.092,0.093,0.088,0.109,0.095,0.094,0.098,0.090,0.092,0.097,0.092,0.088,0.087,0.092,0.088,0.089,0.088,0.086,0.090,0.087,0.089,0.085,0.089,0.106,0.091,0.091,0.093,0.087,0.088,0.092,0.087,0.083,0.081,0.099,0.093,0.096,0.095,0.089,0.093,0.091,0.087,0.088,0.086,0.093,0.088,0.084,0.087,0.084,0.086,0.092,0.087,0.086,0.081,0.089,0.084,0.085,0.086,0.085,0.087,0.086,0.089,0.085,0.079,0.099,0.094,0.091,0.090,0.085,0.084,0.089,0.095,0.086,0.087
01:15:06,0.098,0.082,0.088,0.092,0.083,0.081,0.089,0.082,0.079,0.086,0.094,0.092,0.093,0.089,0.088,0.092,0.090,0.090,0.088,0.084,0.108,0.091,0.088,0.094,0.088,0.090,0.093,0.092,0.087,0.085,0.094,0.089,0.090,0.090,0.091,0.091,0.091,0.091,0.092,0.086,0.106,0.093,0.091,0.098,0.090,0.094,0.095,0.095,0.090,0.087,0.098,0.092,0.093,0.103,0.090,0.096,0.093,0.093,0.094,0.086,0.110,0.094,0.093,0.100,0.090,0.093,0.097,0.092,0.089,0.085,0.092,0.089,0.090,0.089,0.086,0.090,0.089,0.087,0.089,0.084,0.106,0.091,0.092,0.095,0.087,0.090,0.092,0.088,0.085,0.080,0.098,0.096,0.094,0.098,0.088,0.096,0.091,0.088,0.089,0.085,0.093,0.088,0.085,0.086,0.087,0.086,0.091,0.091,0.084,0.084,0.090,0.085,0.087,0.085,0.087,0.087,0.086,0.088,0.085,0.080,0.098,0.093,0.089,0.090,0.085,0.085,0.089,0.092,0.094,0.084
01:30:06,0.099,0.085,0.087,0.089,0.084,0.082,0.087,0.082,0.080,0.084,0.093,0.092,0.093,0.089,0.088,0.092,0.091,0.091,0.088,0.086,0.106,0.091,0.091,0.091,0.088,0.094,0.094,0.093,0.088,0.084,0.095,0.091,0.090,0.091,0.091,0.092,0.091,0.092,0.094,0.085,0.109,0.093,0.093,0.097,0.091,0.094,0.095,0.095,0.091,0.088,0.099,0.093,0.094,0.104,0.091,0.096,0.093,0.093,0.096,0.087,0.112,0.096,0.094,0.099,0.091,0.094,0.097,0.094,0.090,0.087,0.093,0.089,0.090,0.089,0.085,0.092,0.088,0.090,0.087,0.087,0.108,0.091,0.092,0.097,0.087,0.091,0.092,0.090,0.084,0.082,0.099,0.096,0.095,0.099,0.088,0.097,0.091,0.090,0.087,0.089,0.094,0.089,0.085,0.088,0.085,0.088,0.091,0.089,0.087,0.084,0.090,0.086,0.085,0.087,0.086,0.090,0.087,0.090,0.086,0.081,0.102,0.092,0.086,0.095,0.086,0.086,0.091,0.097,0.086,0.092
01:45:06,0.100,0.085,0.089,0.090,0.084,0.083,0.088,0.083,0.082,0.087,0.097,0.093,0.093,0.091,0.089,0.095,0.092,0.091,0.090,0.085,0.110,0.093,0.090,0.094,0.089,0.092,0.096,0.094,0.088,0.086,0.095,0.091,0.092,0.092,0.091,0.095,0.092,0.091,0.096,0.086,0.107,0.095,0.093,0.097,0.093,0.096,0.097,0.096,0.094,0.089,0.100,0.094,0.094,0.104,0.091,0.098,0.095,0.095,0.097,0.089,0.112,0.096,0.095,0.099,0.092,0.097,0.098,0.095,0.093,0.086,0.095,0.090,0.090,0.090,0.086,0.093,0.089,0.092,0.091,0.086,0.110,0.094,0.093,0.097,0.088,0.093,0.093,0.092,0.085,0.082,0.103,0.098,0.096,0.099,0.090,0.099,0.092,0.092,0.090,0.088,0.098,0.089,0.086,0.089,0.086,0.091,0.092,0.091,0.088,0.082,0.091,0.086,0.086,0.088,0.087,0.091,0.087,0.092,0.086,0.080,0.105,0.093,0.088,0.096,0.086,0.088,0.098,0.093,0.092,0.088
02:00:07,0.090,0.079,0.084,0.086,0.079,0.079,0.083,0.080,0.079,0.082,0.091,0.092,0.089,0.088,0.087,0.092,0.089,0.090,0.087,0.082,0.102,0.090,0.089,0.089,0.087,0.092,0.092,0.092,0.088,0.081,0.094,0.090,0.088,0.090,0.089,0.093,0.090,0.091,0.093,0.082,0.105,0.093,0.090,0.094,0.091,0.096,0.094,0.095,0.094,0.084,0.096,0.093,0.091,0.102,0.089,0.097,0.092,0.094,0.096,0.083,0.105,0.094,0.090,0.096,0.089,0.096,0.096,0.094,0.093,0.083,0.092,0.089,0.087,0.089,0.085,0.092,0.087,0.092,0.089,0.080,0.104,0.091,0.089,0.093,0.086,0.092,0.091,0.092,0.085,0.078,0.098,0.094,0.092,0.095,0.086,0.095,0.089,0.091,0.087,0.082,0.093,0.089,0.086,0.086,0.088,0.090,0.091,0.091,0.089,0.081,0.091,0.087,0.086,0.086,0.087,0.090,0.086,0.092,0.086,0.079,0.097,0.093,0.089,0.091,0.086,0.089,0.091,0.094,0.093,0.082
02:15:06,0.100,0.085,0.086,0.092,0.083,0.081,0.088,0.083,0.080,0.085,0.099,0.095,0.093,0.092,0.090,0.097,0.094,0.093,0.091,0.087,0.111,0.096,0.091,0.094,0.092,0.096,0.098,0.095,0.090,0.086,0.099,0.093,0.092,0.092,0.092,0.098,0.094,0.093,0.098,0.086,0.112,0.096,0.092,0.097,0.092,0.102,0.100,0.098,0.099,0.087,0.102,0.095,0.096,0.104,0.092,0.104,0.095,0.097,0.102,0.087,0.113,0.099,0.094,0.102,0.091,0.102,0.099,0.098,0.097,0.087,0.097,0.092,0.092,0.090,0.087,0.097,0.092,0.097,0.092,0.086,0.111,0.095,0.094,0.098,0.089,0.097,0.096,0.096,0.088,0.082,0.105,0.099,0.097,0.098,0.092,0.099,0.095,0.096,0.091,0.087,0.102,0.091,0.087,0.091,0.086,0.095,0.093,0.093,0.090,0.082,0.095,0.088,0.087,0.090,0.087,0.096,0.090,0.093,0.090,0.079,0.109,0.097,0.087,0.094,0.088,0.096,0.094,0.100,0.093,0.086
02:30:06,0.097,0.085,0.089,0.090,0.081,0.081,0.088,0.082,0.080,0.087,0.099,0.097,0.094,0.093,0.091,0.101,0.094,0.093,0.093,0.085,0.110,0.096,0.092,0.095,0.092,0.098,0.097,0.096,0.092,0.086,0.099,0.094,0.093,0.093,0.093,0.102,0.094,0.093,0.103,0.085,0.111,0.098,0.093,0.099,0.092,0.105,0.101,0.099,0.103,0.089,0.106,0.096,0.096,0.105,0.092,0.107,0.097,0.098,0.107,0.089,0.115,0.100,0.095,0.102,0.092,0.106,0.100,0.099,0.101,0.086,0.101,0.093,0.093,0.091,0.088,0.101,0.092,0.100,0.095,0.085,0.115,0.097,0.094,0.100,0.089,0.100,0.097,0.099,0.089,0.081,0.108,0.100,0.100,0.099,0.092,0.104,0.097,0.098,0.093,0.086,0.099,0.094,0.087,0.089,0.089,0.098,0.092,0.096,0.088,0.084,0.095,0.089,0.088,0.089,0.089,0.098,0.091,0.093,0.091,0.080,0.105,0.098,0.088,0.097,0.091,0.100,0.095,0.096,0.094,0.093
02:45:06,0.101,0.084,0.086,0.092,0.084,0.082,0.088,0.084,0.080,0.085,0.100,0.098,0.094,0.093,0.091,0.103,0.095,0.094,0.094,0.086,0.112,0.096,0.093,0.095,0.091,0.101,0.099,0.096,0.094,0.085,0.103,0.096,0.091,0.094,0.094,0.104,0.096,0.095,0.104,0.085,0.116,0.099,0.094,0.099,0.093,0.111,0.101,0.101,0.107,0.088,0.108,0.098,0.096,0.106,0.092,0.112,0.099,0.101,0.110,0.088,0.120,0.099,0.096,0.102,0.093,0.110,0.103,0.100,0.105,0.087,0.104,0.094,0.094,0.093,0.088,0.107,0.093,0.104,0.097,0.087,0.119,0.098,0.096,0.099,0.090,0.104,0.099,0.104,0.091,0.082,0.109,0.103,0.098,0.100,0.091,0.108,0.097,0.103,0.094,0.088,0.102,0.094,0.088,0.091,0.087,0.101,0.093,0.095,0.092,0.081,0.097,0.090,0.088,0.089,0.090,0.101,0.093,0.094,0.093,0.079,0.108,0.098,0.092,0.096,0.093,0.107,0.094,0.104,0.092,0.091
03:00:06,0.101,0.085,0.087,0.090,0.084,0.083,0.088,0.083,0.081,0.086,0.103,0.101,0.094,0.094,0.091,0.106,0.098,0.094,0.094,0.088,0.117,0.099,0.091,0.100,0.093,0.104,0.100,0.097,0.095,0.084,0.104,0.097,0.092,0.095,0.096,0.108,0.096,0.094,0.107,0.084,0.119,0.100,0.095,0.099,0.094,0.117,0.102,0.103,0.113,0.088,0.110,0.099,0.097,0.107,0.092,0.117,0.101,0.102,0.115,0.089,0.124,0.101,0.095,0.103,0.094,0.117,0.103,0.103,0.109,0.087,0.104,0.094,0.095,0.093,0.089,0.111,0.095,0.110,0.099,0.087,0.117,0.099,0.095,0.101,0.090,0.111,0.100,0.110,0.093,0.082,0.112,0.102,0.101,0.100,0.093,0.114,0.099,0.108,0.096,0.087,0.103,0.096,0.088,0.093,0.088,0.109,0.093,0.097,0.094,0.081,0.100,0.092,0.087,0.091,0.089,0.109,0.092,0.098,0.093,0.079,0.113,0.099,0.089,0.101,0.091,0.113,0.096,0.099,0.100,0.085
03:15:06,0.100,0.085,0.088,0.090,0.083,0.082,0.088,0.083,0.081,0.085,0.106,0.103,0.093,0.095,0.093,0.110,0.099,0.094,0.096,0.088,0.117,0.102,0.093,0.098,0.094,0.108,0.100,0.098,0.097,0.084,0.105,0.099,0.094,0.097,0.095,0.110,0.100,0.095,0.108,0.086,0.120,0.100,0.095,0.101,0.093,0.124,0.106,0.105,0.116,0.087,0.113,0.100,0.096,0.108,0.094,0.124,0.103,0.104,0.121,0.088,0.125,0.103,0.094,0.104,0.093,0.125,0.106,0.106,0.115,0.085,0.109,0.097,0.094,0.095,0.088,0.120,0.096,0.118,0.105,0.085,0.125,0.101,0.099,0.100,0.091,0.117,0.102,0.116,0.096,0.082,0.115,0.106,0.100,0.104,0.092,0.122,0.100,0.115,0.098,0.089,0.106,0.098,0.087,0.093,0.089,0.114,0.097,0.098,0.094,0.083,0.103,0.093,0.089,0.092,0.090,0.115,0.093,0.100,0.093,0.080,0.116,0.101,0.089,0.101,0.092,0.117,0.100,0.101,0.098,0.090
03:30:06,0.101,0.085,0.087,0.090,0.084,0.081,0.087,0.084,0.081,0.085,0.106,0.105,0.095,0.096,0.094,0.114,0.102,0.095,0.098,0.086,0.122,0.102,0.091,0.101,0.095,0.114,0.104,0.097,0.097,0.084,0.109,0.100,0.093,0.098,0.095,0.115,0.101,0.095,0.115,0.084,0.123,0.104,0.094,0.102,0.096,0.132,0.108,0.108,0.118,0.089,0.116,0.102,0.096,0.108,0.093,0.135,0.106,0.107,0.124,0.089,0.130,0.104,0.096,0.105,0.093,0.133,0.108,0.108,0.120,0.087,0.112,0.099,0.094,0.095,0.091,0.127,0.100,0.125,0.106,0.086,0.125,0.103,0.097,0.102,0.092,0.128,0.104,0.126,0.098,0.082,0.118,0.108,0.101,0.104,0.093,0.130,0.103,0.124,0.102,0.087,0.112,0.099,0.088,0.095,0.089,0.121,0.099,0.100,0.098,0.082,0.105,0.095,0.089,0.093,0.091,0.124,0.097,0.101,0.095,0.080,0.117,0.105,0.092,0.097,0.096,0.125,0.100,0.108,0.098,0.089
03:45:06,0.102,0.085,0.087,0.092,0.084,0.081,0.088,0.084,0.080,0.085,0.110,0.107,0.094,0.097,0.095,0.120,0.107,0.095,0.100,0.088,0.123,0.105,0.092,0.102,0.096,0.118,0.107,0.098,0.100,0.086,0.111,0.103,0.094,0.098,0.098,0.122,0.104,0.094,0.117,0.086,0.129,0.104,0.095,0.104,0.094,0.144,0.113,0.110,0.124,0.089,0.120,0.103,0.098,0.109,0.094,0.146,0.108,0.109,0.133,0.090,0.129,0.107,0.095,0.105,0.094,0.146,0.111,0.111,0.127,0.086,0.117,0.100,0.095,0.096,0.092,0.140,0.103,0.135,0.113,0.085,0.131,0.105,0.099,0.102,0.093,0.137,0.107,0.135,0.102,0.082,0.123,0.109,0.103,0.102,0.094,0.141,0.106,0.134,0.104,0.089,0.113,0.102,0.089,0.097,0.090,0.133,0.098,0.104,0.099,0.081,0.107,0.096,0.090,0.094,0.094,0.131,0.099,0.102,0.100,0.080,0.117,0.108,0.092,0.099,0.097,0.135,0.102,0.107,0.104,0.085
04:00:06,0.100,0.086,0.088,0.089,0.082,0.083,0.088,0.083,0.082,0.086,0.111,0.109,0.094,0.099,0.096,0.125,0.108,0.095,0.103,0.086,0.126,0.104,0.093,0.104,0.096,0.125,0.111,0.097,0.104,0.086,0.113,0.104,0.094,0.100,0.098,0.127,0.107,0.096,0.122,0.085,0.131,0.106,0.097,0.103,0.096,0.155,0.115,0.115,0.128,0.087,0.124,0.106,0.097,0.111,0.095,0.156,0.113,0.113,0.137,0.088,0.138,0.107,0.096,0.105,0.094,0.158,0.116,0.114,0.131,0.088,0.122,0.103,0.096,0.097,0.090,0.152,0.108,0.147,0.116,0.088,0.137,0.107,0.099,0.103,0.093,0.150,0.111,0.147,0.105,0.081,0.127,0.113,0.101,0.107,0.093,0.154,0.109,0.146,0.110,0.087,0.115,0.105,0.091,0.096,0.093,0.144,0.100,0.109,0.099,0.086,0.112,0.098,0.090,0.096,0.094,0.143,0.101,0.106,0.100,0.081,0.126,0.108,0.093,0.102,0.098,0.148,0.104,0.113,0.101,0.093
04:15:06,0.098,0.083,0.090,0.091,0.081,0.081,0.088,0.083,0.080,0.085,0.117,0.113,0.095,0.099,0.096,0.133,0.117,0.096,0.105,0.086,0.133,0.108,0.091,0.102,0.097,0.131,0.116,0.098,0.104,0.085,0.118,0.108,0.093,0.102,0.099,0.133,0.112,0.097,0.125,0.085,0.134,0.109,0.096,0.104,0.096,0.170,0.123,0.118,0.134,0.087,0.128,0.107,0.098,0.110,0.096,0.174,0.117,0.116,0.146,0.087,0.139,0.111,0.096,0.108,0.095,0.176,0.121,0.117,0.138,0.086,0.128,0.104,0.098,0.097,0.093,0.169,0.109,0.164,0.124,0.085,0.141,0.110,0.101,0.106,0.093,0.167,0.116,0.162,0.110,0.083,0.131,0.116,0.103,0.105,0.095,0.168,0.115,0.162,0.114,0.090,0.123,0.107,0.089,0.099,0.093,0.153,0.106,0.108,0.103,0.084,0.116,0.100,0.091,0.097,0.095,0.156,0.105,0.108,0.104,0.080,0.131,0.112,0.092,0.107,0.095,0.161,0.109,0.111,0.109,0.086
04:30:05,0.097,0.084,0.089,0.090,0.082,0.082,0.089,0.083,0.081,0.087,0.118,0.115,0.096,0.102,0.097,0.141,0.120,0.097,0.107,0.086,0.132,0.111,0.094,0.103,0.098,0.141,0.123,0.098,0.107,0.085,0.122,0.109,0.095,0.105,0.098,0.142,0.119,0.097,0.124,0.086,0.139,0.112,0.095,0.106,0.098,0.188,0.128,0.120,0.141,0.090,0.135,0.109,0.098,0.112,0.095,0.190,0.124,0.121,0.150,0.090,0.148,0.112,0.097,0.108,0.096,0.192,0.127,0.120,0.148,0.086,0.133,0.106,0.100,0.098,0.093,0.188,0.115,0.183,0.131,0.086,0.145,0.113,0.101,0.105,0.094,0.186,0.120,0.181,0.115,0.082,0.139,0.118,0.103,0.108,0.095,0.188,0.118,0.179,0.122,0.087,0.124,0.111,0.090,0.098,0.094,0.169,0.109,0.113,0.106,0.085,0.121,0.102,0.090,0.100,0.094,0.174,0.109,0.110,0.108,0.081,0.132,0.116,0.093,0.107,0.099,0.177,0.114,0.113,0.112,0.088
04:45:15,0.100,0.084,0.088,0.092,0.082,0.080,0.087,0.084,0.080,0.085,0.123,0.118,0.095,0.103,0.096,0.150,0.129,0.096,0.109,0.085,0.140,0.114,0.093,0.107,0.099,0.152,0.128,0.099,0.111,0.084,0.126,0.112,0.094,0.105,0.099,0.151,0.126,0.097,0.131,0.085,0.146,0.115,0.096,0.108,0.096,0.208,0.134,0.125,0.149,0.089,0.141,0.110,0.098,0.112,0.096,0.211,0.130,0.124,0.161,0.090,0.152,0.115,0.097,0.110,0.097,0.214,0.133,0.125,0.153,0.086,0.138,0.109,0.100,0.100,0.093,0.212,0.121,0.203,0.142,0.085,0.151,0.116,0.102,0.108,0.094,0.210,0.127,0.203,0.121,0.082,0.146,0.121,0.107,0.108,0.096,0.210,0.125,0.201,0.128,0.089,0.130,0.114,0.090,0.101,0.094,0.187,0.118,0.111,0.115,0.080,0.126,0.105,0.091,0.100,0.098,0.190,0.116,0.110,0.114,0.079,0.137,0.121,0.093,0.107,0.103,0.190,0.123,0.116,0.114,0.090
05:00:07,0.100,0.083,0.090,0.092,0.082,0.083,0.089,0.082,0.081,0.088,0.127,0.121,0.096,0.105,0.098,0.162,0.137,0.098,0.113,0.085,0.144,0.115,0.094,0.106,0.099,0.164,0.139,0.098,0.115,0.087,0.130,0.115,0.095,0.108,0.100,0.164,0.136,0.096,0.135,0.086,0.154,0.117,0.097,0.107,0.098,0.233,0.141,0.130,0.158,0.089,0.150,0.114,0.099,0.114,0.097,0.236,0.139,0.128,0.174,0.089,0.164,0.116,0.098,0.110,0.096,0.241,0.141,0.130,0.165,0.087,0.147,0.113,0.099,0.102,0.093,0.238,0.131,0.229,0.156,0.086,0.163,0.118,0.105,0.107,0.096,0.234,0.136,0.227,0.129,0.082,0.151,0.125,0.106,0.110,0.096,0.237,0.132,0.227,0.138,0.089,0.140,0.117,0.093,0.103,0.096,0.209,0.122,0.117,0.117,0.085,0.133,0.109,0.090,0.103,0.098,0.214,0.122,0.115,0.119,0.080,0.140,0.127,0.091,0.110,0.103,0.214,0.130,0.120,0.120,0.094
05:15:07,0.101,0.085,0.088,0.091,0.083,0.081,0.087,0.084,0.080,0.085,0.132,0.125,0.096,0.108,0.100,0.176,0.144,0.096,0.115,0.088,0.152,0.118,0.093,0.110,0.100,0.178,0.149,0.098,0.116,0.086,0.135,0.119,0.095,0.109,0.102,0.178,0.145,0.098,0.136,0.086,0.161,0.121,0.098,0.108,0.101,0.263,0.150,0.135,0.172,0.088,0.157,0.116,0.099,0.115,0.096,0.266,0.147,0.133,0.185,0.087,0.169,0.119,0.098,0.113,0.097,0.273,0.151,0.135,0.177,0.087,0.157,0.114,0.103,0.102,0.094,0.268,0.142,0.261,0.167,0.088,0.170,0.123,0.104,0.111,0.096,0.268,0.145,0.259,0.135,0.083,0.162,0.129,0.108,0.111,0.098,0.266,0.144,0.257,0.150,0.089,0.143,0.123,0.092,0.105,0.098,0.233,0.132,0.118,0.124,0.083,0.140,0.110,0.093,0.104,0.099,0.241,0.129,0.118,0.124,0.080,0.153,0.128,0.092,0.115,0.100,0.244,0.136,0.121,0.131,0.085
05:30:07,0.098,0.084,0.087,0.090,0.082,0.082,0.089,0.082,0.080,0.087,0.138,0.130,0.095,0.110,0.101,0.193,0.155,0.097,0.117,0.086,0.153,0.124,0.093,0.114,0.104,0.196,0.158,0.101,0.121,0.085,0.140,0.122,0.095,0.111,0.103,0.193,0.158,0.098,0.141,0.086,0.171,0.124,0.098,0.108,0.100,0.299,0.161,0.141,0.186,0.087,0.168,0.118,0.100,0.117,0.098,0.301,0.157,0.138,0.200,0.087,0.180,0.123,0.098,0.114,0.098,0.307,0.162,0.140,0.192,0.087,0.170,0.118,0.104,0.105,0.094,0.308,0.154,0.294,0.183,0.086,0.183,0.126,0.107,0.110,0.097,0.304,0.159,0.294,0.146,0.081,0.170,0.134,0.110,0.113,0.096,0.302,0.153,0.292,0.162,0.088,0.153,0.125,0.092,0.107,0.098,0.268,0.138,0.123,0.132,0.082,0.149,0.114,0.093,0.105,0.100,0.270,0.140,0.121,0.133,0.080,0.157,0.135,0.092,0.114,0.104,0.268,0.149,0.125,0.130,0.092
05:45:06,0.103,0.085,0.089,0.090,0.084,0.083,0.088,0.083,0.082,0.088,0.144,0.135,0.094,0.112,0.103,0.213,0.167,0.097,0.120,0.086,0.160,0.127,0.094,0.113,0.104,0.218,0.174,0.100,0.123,0.086,0.149,0.127,0.095,0.116,0.105,0.212,0.170,0.099,0.148,0.086,0.180,0.130,0.097,0.112,0.099,0.337,0.176,0.146,0.201,0.088,0.179,0.123,0.099,0.119,0.099,0.339,0.171,0.145,0.218,0.088,0.193,0.125,0.099,0.115,0.099,0.351,0.174,0.147,0.211,0.086,0.180,0.124,0.105,0.105,0.096,0.349,0.169,0.339,0.197,0.086,0.192,0.130,0.108,0.113,0.099,0.349,0.174,0.334,0.159,0.081,0.185,0.138,0.112,0.114,0.099,0.344,0.169,0.334,0.177,0.088,0.160,0.132,0.093,0.109,0.101,0.296,0.153,0.123,0.142,0.083,0.154,0.119,0.092,0.111,0.102,0.301,0.152,0.123,0.143,0.080,0.170,0.137,0.093,0.121,0.103,0.306,0.159,0.126,0.148,0.089
06:00:06,0.100,0.083,0.089,0.092,0.081,0.081,0.089,0.084,0.080,0.087,0.151,0.141,0.096,0.114,0.104,0.234,0.185,0.098,0.124,0.086,0.169,0.131,0.095,0.115,0.105,0.240,0.191,0.101,0.126,0.085,0.158,0.133,0.094,0.117,0.106,0.237,0.185,0.097,0.153,0.087,0.196,0.132,0.098,0.113,0.100,0.383,0.190,0.152,0.223,0.089,0.193,0.128,0.099,0.120,0.099,0.385,0.185,0.151,0.236,0.090,0.207,0.129,0.100,0.116,0.099,0.398,0.190,0.153,0.231,0.088,0.196,0.126,0.108,0.107,0.097,0.400,0.183,0.389,0.215,0.090,0.208,0.134,0.110,0.114,0.099,0.399,0.189,0.383,0.170,0.082,0.196,0.144,0.114,0.115,0.101,0.394,0.184,0.381,0.196,0.089,0.174,0.136,0.094,0.112,0.101,0.333,0.163,0.128,0.148,0.085,0.167,0.122,0.094,0.111,0.104,0.337,0.166,0.126,0.152,0.081,0.180,0.143,0.094,0.126,0.107,0.340,0.178,0.129,0.152,0.087
06:15:06,0.099,0.084,0.087,0.090,0.084,0.082,0.087,0.081,0.081,0.088,0.160,0.148,0.094,0.115,0.105,0.258,0.199,0.097,0.126,0.085,0.179,0.136,0.094,0.118,0.107,0.265,0.208,0.099,0.132,0.085,0.166,0.137,0.094,0.119,0.107,0.262,0.204,0.098,0.156,0.085,0.209,0.136,0.099,0.114,0.100,0.435,0.206,0.158,0.246,0.088,0.204,0.131,0.101,0.120,0.099,0.438,0.200,0.158,0.257,0.090,0.221,0.133,0.099,0.117,0.101,0.451,0.208,0.159,0.254,0.087,0.210,0.129,0.109,0.110,0.097,0.457,0.201,0.442,0.237,0.086,0.221,0.140,0.112,0.116,0.099,0.454,0.208,0.437,0.185,0.082,0.210,0.149,0.114,0.118,0.099,0.448,0.204,0.437,0.217,0.089,0.185,0.141,0.094,0.115,0.102,0.375,0.177,0.132,0.162,0.082,0.180,0.125,0.095,0.115,0.105,0.380,0.180,0.130,0.163,0.080,0.193,0.150,0.092,0.127,0.106,0.383,0.189,0.131,0.163,0.090
06:30:05,0.100,0.084,0.089,0.092,0.083,0.081,0.087,0.084,0.082,0.088,0.170,0.154,0.096,0.118,0.106,0.288,0.223,0.097,0.130,0.087,0.191,0.142,0.093,0.120,0.108,0.299,0.231,0.100,0.131,0.086,0.176,0.143,0.095,0.122,0.108,0.291,0.226,0.098,0.161,0.086,0.225,0.141,0.100,0.114,0.101,0.495,0.225,0.168,0.269,0.086,0.223,0.135,0.101,0.124,0.100,0.496,0.219,0.166,0.285,0.088,0.236,0.139,0.099,0.120,0.101,0.512,0.224,0.169,0.277,0.088,0.227,0.136,0.111,0.110,0.098,0.518,0.228,0.505,0.257,0.087,0.236,0.145,0.113,0.119,0.100,0.517,0.230,0.499,0.201,0.082,0.228,0.156,0.118,0.119,0.102,0.510,0.224,0.498,0.241,0.089,0.199,0.148,0.094,0.119,0.101,0.422,0.194,0.137,0.172,0.085,0.193,0.132,0.095,0.118,0.106,0.423,0.198,0.134,0.176,0.081,0.205,0.156,0.093,0.133,0.107,0.428,0.205,0.137,0.179,0.085
06:45:05,0.101,0.086,0.090,0.090,0.082,0.081,0.088,0.085,0.080,0.086,0.179,0.160,0.098,0.121,0.107,0.322,0.250,0.099,0.135,0.088,0.202,0.147,0.093,0.123,0.109,0.331,0.257,0.102,0.138,0.085,0.186,0.148,0.095,0.126,0.111,0.328,0.251,0.099,0.166,0.085,0.240,0.149,0.100,0.118,0.101,0.561,0.246,0.176,0.301,0.089,0.243,0.141,0.101,0.125,0.102,0.559,0.243,0.176,0.312,0.091,0.256,0.142,0.101,0.120,0.100,0.580,0.248,0.178,0.309,0.087,0.248,0.140,0.114,0.112,0.100,0.585,0.251,0.576,0.278,0.089,0.257,0.151,0.117,0.121,0.103,0.586,0.258,0.565,0.220,0.082,0.248,0.162,0.119,0.124,0.101,0.579,0.250,0.566,0.267,0.090,0.214,0.153,0.094,0.120,0.106,0.463,0.218,0.137,0.192,0.081,0.209,0.137,0.095,0.121,0.107,0.469,0.220,0.137,0.194,0.079,0.220,0.161,0.095,0.133,0.112,0.467,0.232,0.138,0.191,0.089
07:00:05,0.099,0.083,0.089,0.091,0.080,0.083,0.090,0.082,0.080,0.088,0.189,0.166,0.096,0.124,0.109,0.362,0.274,0.099,0.138,0.085,0.212,0.154,0.094,0.124,0.113,0.375,0.284,0.100,0.142,0.086,0.197,0.155,0.095,0.127,0.110,0.366,0.281,0.097,0.170,0.087,0.262,0.155,0.100,0.120,0.103,0.627,0.273,0.187,0.331,0.089,0.263,0.146,0.102,0.126,0.102,0.629,0.267,0.185,0.348,0.089,0.278,0.149,0.100,0.124,0.103,0.648,0.274,0.186,0.342,0.085,0.271,0.146,0.117,0.115,0.100,0.658,0.278,0.647,0.306,0.085,0.280,0.157,0.119,0.121,0.103,0.657,0.286,0.638,0.243,0.081,0.269,0.168,0.121,0.125,0.101,0.649,0.279,0.639,0.292,0.087,0.228,0.161,0.094,0.126,0.104,0.517,0.234,0.144,0.203,0.086,0.225,0.141,0.093,0.125,0.108,0.517,0.241,0.141,0.207,0.080,0.235,0.168,0.093,0.137,0.112,0.516,0.255,0.144,0.205,0.091
07:15:05,0.097,0.085,0.090,0.091,0.083,0.083,0.088,0.083,0.081,0.086,0.202,0.176,0.096,0.129,0.111,0.408,0.306,0.098,0.142,0.088,0.224,0.163,0.096,0.127,0.113,0.419,0.319,0.102,0.145,0.085,0.212,0.163,0.096,0.133,0.113,0.413,0.317,0.099,0.176,0.087,0.287,0.161,0.103,0.121,0.103,0.703,0.300,0.199,0.370,0.088,0.288,0.152,0.103,0.129,0.103,0.705,0.296,0.197,0.385,0.089,0.301,0.156,0.101,0.125,0.105,0.726,0.303,0.199,0.380,0.086,0.298,0.154,0.118,0.119,0.101,0.737,0.313,0.727,0.338,0.086,0.306,0.164,0.123,0.125,0.104,0.740,0.318,0.716,0.268,0.082,0.296,0.177,0.126,0.127,0.105,0.727,0.313,0.717,0.320,0.090,0.250,0.167,0.095,0.128,0.108,0.571,0.262,0.147,0.222,0.083,0.247,0.148,0.096,0.129,0.113,0.572,0.272,0.144,0.226,0.080,0.255,0.178,0.095,0.141,0.117,0.570,0.282,0.150,0.221,0.093
07:30:05,0.100,0.084,0.087,0.093,0.084,0.082,0.087,0.084,0.081,0.087,0.216,0.184,0.097,0.131,0.112,0.455,0.343,0.099,0.146,0.088,0.242,0.168,0.094,0.134,0.116,0.468,0.356,0.101,0.146,0.086,0.229,0.169,0.095,0.136,0.117,0.460,0.354,0.098,0.182,0.087,0.310,0.169,0.102,0.121,0.106,0.782,0.329,0.212,0.408,0.088,0.317,0.158,0.103,0.131,0.105,0.781,0.326,0.211,0.423,0.089,0.328,0.162,0.103,0.127,0.105,0.805,0.334,0.212,0.408,0.086,0.327,0.161,0.121,0.119,0.102,0.818,0.345,0.811,0.362,0.089,0.332,0.173,0.124,0.128,0.105,0.821,0.353,0.799,0.295,0.083,0.323,0.184,0.128,0.128,0.105,0.807,0.349,0.801,0.348,0.092,0.266,0.177,0.095,0.133,0.108,0.629,0.292,0.149,0.242,0.081,0.265,0.154,0.096,0.132,0.113,0.632,0.300,0.149,0.244,0.079,0.271,0.188,0.095,0.145,0.116,0.630,0.313,0.154,0.240,0.092
07:45:05,0.097,0.084,0.090,0.090,0.081,0.082,0.090,0.083,0.081,0.087,0.230,0.192,0.096,0.135,0.115,0.508,0.382,0.099,0.151,0.086,0.252,0.176,0.096,0.134,0.117,0.523,0.396,0.102,0.154,0.086,0.243,0.178,0.095,0.139,0.117,0.515,0.394,0.099,0.191,0.087,0.342,0.174,0.104,0.125,0.104,0.864,0.365,0.227,0.448,0.087,0.348,0.167,0.105,0.132,0.105,0.861,0.360,0.226,0.460,0.088,0.357,0.169,0.102,0.131,0.107,0.889,0.369,0.226,0.441,0.086,0.358,0.168,0.124,0.123,0.103,0.900,0.386,0.894,0.394,0.086,0.362,0.180,0.127,0.130,0.106,0.904,0.394,0.881,0.336,0.083,0.355,0.192,0.132,0.131,0.106,0.891,0.388,0.886,0.378,0.091,0.290,0.185,0.096,0.136,0.111,0.690,0.325,0.156,0.258,0.082,0.288,0.159,0.097,0.136,0.115,0.694,0.340,0.154,0.265,0.079,0.294,0.193,0.098,0.151,0.120,0.694,0.345,0.159,0.262,0.085
08:00:05,0.098,0.085,0.090,0.090,0.083,0.082,0.087,0.085,0.082,0.088,0.247,0.205,0.097,0.137,0.117,0.566,0.430,0.099,0.156,0.088,0.278,0.182,0.094,0.139,0.119,0.582,0.443,0.103,0.160,0.084,0.259,0.187,0.096,0.143,0.120,0.571,0.442,0.099,0.199,0.085,0.370,0.184,0.102,0.125,0.109,0.945,0.403,0.243,0.483,0.088,0.382,0.174,0.106,0.136,0.107,0.945,0.398,0.242,0.492,0.088,0.396,0.175,0.102,0.134,0.108,0.972,0.408,0.243,0.470,0.088,0.394,0.176,0.130,0.124,0.105,0.984,0.427,0.983,0.419,0.089,0.396,0.189,0.133,0.133,0.107,0.989,0.438,0.969,0.387,0.081,0.387,0.203,0.134,0.137,0.107,0.975,0.433,0.973,0.411,0.089,0.317,0.193,0.097,0.141,0.113,0.758,0.364,0.160,0.284,0.081,0.311,0.167,0.095,0.141,0.117,0.760,0.381,0.159,0.290,0.080,0.319,0.204,0.099,0.154,0.122,0.758,0.391,0.164,0.283,0.087
08:15:05,0.092,0.081,0.084,0.085,0.079,0.080,0.084,0.080,0.080,0.083,0.262,0.213,0.092,0.138,0.116,0.624,0.473,0.097,0.161,0.083,0.289,0.190,0.090,0.139,0.119,0.642,0.491,0.100,0.165,0.081,0.275,0.193,0.093,0.145,0.119,0.629,0.489,0.098,0.201,0.082,0.402,0.192,0.100,0.126,0.105,1.024,0.440,0.259,0.514,0.084,0.417,0.180,0.101,0.136,0.105,1.024,0.438,0.257,0.514,0.083,0.430,0.179,0.100,0.131,0.107,1.050,0.446,0.259,0.497,0.083,0.430,0.182,0.128,0.127,0.104,1.062,0.472,1.070,0.452,0.084,0.429,0.194,0.131,0.129,0.106,1.066,0.480,1.054,0.436,0.078,0.423,0.210,0.131,0.134,0.103,1.054,0.477,1.060,0.440,0.083,0.338,0.200,0.097,0.141,0.115,0.823,0.411,0.164,0.306,0.081,0.338,0.171,0.095,0.147,0.119,0.826,0.422,0.165,0.309,0.079,0.346,0.214,0.094,0.159,0.123,0.827,0.437,0.165,0.306,0.090
08:30:05,0.099,0.084,0.090,0.091,0.081,0.082,0.090,0.084,0.080,0.085,0.286,0.229,0.098,0.145,0.121,0.690,0.532,0.100,0.165,0.087,0.317,0.201,0.096,0.143,0.124,0.712,0.544,0.102,0.174,0.086,0.301,0.207,0.096,0.151,0.123,0.694,0.548,0.099,0.214,0.087,0.446,0.205,0.105,0.131,0.111,1.096,0.487,0.284,0.541,0.088,0.464,0.190,0.106,0.143,0.109,1.096,0.485,0.280,0.542,0.088,0.478,0.194,0.105,0.140,0.109,1.116,0.493,0.283,0.528,0.086,0.477,0.194,0.136,0.131,0.107,1.124,0.524,1.153,0.494,0.087,0.475,0.209,0.140,0.139,0.111,1.124,0.533,1.139,0.491,0.081,0.467,0.226,0.144,0.141,0.109,1.117,0.531,1.145,0.478,0.088,0.373,0.211,0.099,0.147,0.119,0.895,0.457,0.173,0.332,0.083,0.371,0.180,0.098,0.151,0.123,0.898,0.478,0.169,0.335,0.080,0.383,0.224,0.098,0.168,0.124,0.902,0.486,0.175,0.326,0.093
08:45:05,0.102,0.084,0.087,0.092,0.082,0.081,0.089,0.084,0.080,0.087,0.310,0.243,0.098,0.151,0.123,0.754,0.590,0.100,0.173,0.086,0.342,0.214,0.093,0.151,0.125,0.772,0.602,0.104,0.181,0.084,0.328,0.218,0.095,0.157,0.127,0.758,0.602,0.100,0.223,0.085,0.491,0.218,0.106,0.136,0.109,1.143,0.537,0.309,0.582,0.090,0.511,0.201,0.107,0.146,0.110,1.149,0.535,0.306,0.572,0.088,0.520,0.204,0.106,0.143,0.111,1.161,0.542,0.305,0.568,0.086,0.525,0.201,0.142,0.136,0.109,1.169,0.576,1.239,0.544,0.088,0.521,0.219,0.143,0.143,0.111,1.167,0.586,1.225,0.548,0.083,0.516,0.238,0.150,0.142,0.111,1.161,0.586,1.231,0.513,0.092,0.406,0.224,0.098,0.156,0.118,0.972,0.509,0.177,0.359,0.082,0.407,0.189,0.099,0.157,0.127,0.972,0.528,0.175,0.361,0.079,0.414,0.239,0.097,0.175,0.128,0.975,0.536,0.183,0.349,0.092
09:00:05,0.104,0.086,0.088,0.092,0.085,0.082,0.089,0.086,0.081,0.086,0.334,0.258,0.096,0.155,0.126,0.809,0.643,0.101,0.179,0.089,0.368,0.226,0.094,0.154,0.129,0.827,0.661,0.103,0.187,0.085,0.355,0.233,0.096,0.160,0.129,0.815,0.662,0.101,0.234,0.086,0.537,0.229,0.109,0.140,0.110,1.185,0.587,0.337,0.618,0.087,0.559,0.213,0.108,0.149,0.112,1.189,0.586,0.334,0.607,0.087,0.571,0.216,0.108,0.148,0.113,1.199,0.592,0.332,0.621,0.087,0.573,0.216,0.147,0.138,0.115,1.203,0.631,1.318,0.603,0.090,0.568,0.234,0.150,0.148,0.114,1.203,0.642,1.304,0.612,0.081,0.563,0.253,0.154,0.149,0.112,1.199,0.644,1.312,0.556,0.088,0.442,0.236,0.099,0.161,0.120,1.038,0.560,0.184,0.385,0.082,0.442,0.198,0.099,0.164,0.129,1.034,0.584,0.181,0.386,0.079,0.450,0.254,0.100,0.180,0.134,1.036,0.592,0.187,0.375,0.090
09:15:06,0.099,0.084,0.090,0.092,0.081,0.081,0.089,0.083,0.079,0.089,0.357,0.271,0.098,0.160,0.129,0.854,0.704,0.102,0.186,0.086,0.392,0.237,0.097,0.157,0.130,0.874,0.720,0.103,0.195,0.086,0.382,0.246,0.095,0.166,0.132,0.861,0.723,0.101,0.240,0.087,0.585,0.242,0.110,0.141,0.113,1.217,0.638,0.369,0.662,0.086,0.609,0.226,0.109,0.153,0.115,1.223,0.637,0.364,0.647,0.087,0.617,0.226,0.110,0.150,0.114,1.231,0.643,0.364,0.673,0.087,0.624,0.226,0.155,0.141,0.113,1.235,0.688,1.395,0.661,0.089,0.617,0.247,0.155,0.149,0.115,1.233,0.696,1.381,0.671,0.083,0.613,0.266,0.161,0.151,0.114,1.229,0.704,1.391,0.598,0.091,0.480,0.252,0.100,0.166,0.122,1.088,0.618,0.190,0.410,0.082,0.486,0.209,0.099,0.172,0.132,1.084,0.644,0.188,0.410,0.079,0.492,0.266,0.100,0.194,0.131,1.086,0.649,0.189,0.402,0.087
09:30:06,0.102,0.086,0.089,0.090,0.083,0.083,0.088,0.084,0.082,0.087,0.387,0.290,0.098,0.166,0.131,0.894,0.770,0.102,0.193,0.089,0.423,0.254,0.097,0.163,0.134,0.911,0.780,0.103,0.207,0.086,0.412,0.262,0.097,0.171,0.135,0.899,0.783,0.101,0.250,0.087,0.638,0.258,0.111,0.146,0.114,1.250,0.692,0.404,0.722,0.087,0.666,0.240,0.111,0.158,0.117,1.254,0.693,0.401,0.707,0.089,0.675,0.242,0.109,0.155,0.117,1.260,0.698,0.399,0.745,0.086,0.682,0.241,0.158,0.148,0.116,1.266,0.745,1.472,0.721,0.087,0.674,0.261,0.164,0.153,0.118,1.264,0.755,1.457,0.741,0.082,0.667,0.282,0.165,0.158,0.115,1.264,0.764,1.468,0.664,0.090,0.525,0.266,0.103,0.172,0.129,1.129,0.685,0.195,0.433,0.083,0.531,0.221,0.100,0.178,0.136,1.124,0.709,0.195,0.433,0.080,0.532,0.287,0.101,0.199,0.135,1.127,0.711,0.200,0.423,0.088
09:45:06,0.103,0.086,0.090,0.089,0.083,0.084,0.088,0.082,0.082,0.089,0.419,0.310,0.097,0.170,0.135,0.926,0.824,0.102,0.203,0.088,0.456,0.269,0.095,0.170,0.139,0.941,0.831,0.105,0.211,0.084,0.445,0.277,0.097,0.179,0.137,0.929,0.836,0.102,0.260,0.085,0.690,0.276,0.110,0.152,0.114,1.278,0.748,0.442,0.782,0.089,0.725,0.253,0.111,0.164,0.117,1.282,0.749,0.439,0.768,0.091,0.731,0.255,0.111,0.161,0.118,1.290,0.750,0.438,0.807,0.088,0.740,0.254,0.167,0.152,0.116,1.296,0.804,1.542,0.782,0.088,0.729,0.276,0.168,0.160,0.119,1.294,0.813,1.530,0.800,0.083,0.722,0.298,0.175,0.160,0.119,1.290,0.825,1.540,0.725,0.093,0.569,0.282,0.103,0.179,0.132,1.167,0.748,0.206,0.454,0.083,0.577,0.234,0.099,0.189,0.138,1.157,0.773,0.205,0.455,0.080,0.585,0.302,0.101,0.205,0.142,1.157,0.776,0.207,0.444,0.091
10:00:06,0.098,0.085,0.090,0.091,0.081,0.082,0.090,0.082,0.082,0.088,0.453,0.329,0.097,0.178,0.137,0.953,0.875,0.103,0.211,0.087,0.490,0.285,0.094,0.176,0.140,0.969,0.878,0.105,0.219,0.086,0.479,0.296,0.097,0.183,0.141,0.958,0.881,0.101,0.270,0.087,0.745,0.292,0.113,0.154,0.119,1.304,0.804,0.489,0.845,0.089,0.782,0.268,0.114,0.168,0.118,1.312,0.807,0.482,0.836,0.089,0.788,0.271,0.112,0.166,0.120,1.318,0.807,0.479,0.874,0.087,0.798,0.272,0.173,0.158,0.120,1.324,0.862,1.617,0.848,0.088,0.785,0.293,0.176,0.164,0.123,1.324,0.871,1.601,0.869,0.083,0.781,0.317,0.180,0.165,0.119,1.322,0.885,1.616,0.796,0.091,0.620,0.300,0.102,0.188,0.134,1.195,0.810,0.213,0.476,0.086,0.629,0.248,0.102,0.198,0.143,1.183,0.836,0.211,0.473,0.081,0.631,0.325,0.100,0.221,0.142,1.185,0.838,0.211,0.466,0.086
10:15:06,0.103,0.086,0.088,0.091,0.084,0.082,0.089,0.084,0.081,0.087,0.487,0.352,0.097,0.182,0.141,0.979,0.911,0.102,0.218,0.088,0.526,0.302,0.095,0.181,0.144,0.991,0.916,0.105,0.227,0.084,0.520,0.317,0.096,0.193,0.146,0.980,0.922,0.103,0.279,0.085,0.803,0.309,0.115,0.159,0.119,1.338,0.859,0.536,0.907,0.087,0.841,0.284,0.115,0.176,0.121,1.340,0.862,0.528,0.899,0.087,0.848,0.285,0.113,0.172,0.121,1.346,0.861,0.525,0.939,0.086,0.857,0.287,0.183,0.162,0.120,1.353,0.921,1.677,0.911,0.085,0.843,0.309,0.185,0.171,0.123,1.352,0.931,1.671,0.931,0.083,0.840,0.332,0.191,0.171,0.121,1.350,0.949,1.669,0.865,0.092,0.667,0.322,0.103,0.197,0.137,1.219,0.873,0.218,0.493,0.082,0.676,0.263,0.101,0.204,0.148,1.209,0.901,0.219,0.490,0.079,0.679,0.345,0.103,0.226,0.148,1.211,0.901,0.223,0.476,0.089
10:30:06,0.103,0.085,0.088,0.091,0.084,0.081,0.087,0.085,0.082,0.087,0.525,0.378,0.097,0.191,0.146,1.004,0.951,0.103,0.228,0.090,0.568,0.323,0.095,0.187,0.149,1.014,0.952,0.106,0.238,0.084,0.559,0.336,0.096,0.201,0.149,1.002,0.955,0.104,0.287,0.085,0.858,0.329,0.119,0.163,0.125,1.362,0.917,0.591,0.978,0.090,0.901,0.303,0.117,0.181,0.124,1.369,0.923,0.584,0.969,0.091,0.907,0.304,0.117,0.177,0.125,1.374,0.918,0.577,1.008,0.087,0.917,0.304,0.193,0.168,0.124,1.381,0.980,1.689,0.982,0.089,0.902,0.328,0.196,0.174,0.127,1.379,0.991,1.688,1.000,0.082,0.900,0.353,0.202,0.177,0.125,1.377,1.010,1.681,0.935,0.090,0.718,0.343,0.105,0.204,0.140,1.244,0.937,0.226,0.512,0.081,0.728,0.283,0.102,0.214,0.152,1.231,0.965,0.227,0.504,0.079,0.726,0.370,0.103,0.235,0.155,1.231,0.967,0.230,0.492,0.091
10:45:06,0.103,0.085,0.088,0.093,0.084,0.082,0.088,0.084,0.081,0.086,0.562,0.401,0.099,0.198,0.149,1.022,0.980,0.104,0.236,0.089,0.607,0.342,0.095,0.196,0.152,1.036,0.982,0.105,0.248,0.087,0.600,0.359,0.096,0.208,0.153,1.024,0.983,0.102,0.296,0.087,0.909,0.352,0.119,0.171,0.126,1.389,0.974,0.647,1.038,0.089,0.955,0.323,0.119,0.187,0.127,1.395,0.980,0.639,1.034,0.091,0.959,0.321,0.118,0.181,0.126,1.401,0.971,0.631,1.068,0.088,0.972,0.321,0.205,0.172,0.126,1.407,1.034,1.705,1.042,0.088,0.959,0.349,0.206,0.181,0.129,1.407,1.046,1.702,1.062,0.084,0.955,0.373,0.213,0.181,0.126,1.405,1.068,1.696,1.000,0.093,0.771,0.366,0.105,0.213,0.147,1.264,0.996,0.238,0.516,0.086,0.780,0.298,0.104,0.225,0.157,1.250,1.020,0.237,0.512,0.081,0.781,0.397,0.104,0.246,0.159,1.250,1.018,0.239,0.503,0.086
11:00:05,0.098,0.084,0.090,0.092,0.081,0.081,0.089,0.083,0.080,0.087,0.601,0.427,0.099,0.205,0.152,1.042,1.008,0.103,0.246,0.086,0.647,0.364,0.097,0.203,0.157,1.056,1.008,0.106,0.259,0.086,0.642,0.384,0.096,0.217,0.159,1.042,1.010,0.103,0.301,0.086,0.967,0.370,0.122,0.178,0.126,1.415,1.026,0.709,1.106,0.087,1.012,0.344,0.122,0.194,0.127,1.421,1.034,0.700,1.098,0.088,1.016,0.342,0.121,0.189,0.130,1.425,1.024,0.690,1.131,0.086,1.026,0.341,0.216,0.179,0.129,1.435,1.090,1.717,1.108,0.086,1.012,0.368,0.218,0.186,0.132,1.431,1.102,1.716,1.129,0.084,1.010,0.395,0.222,0.190,0.127,1.429,1.127,1.711,1.068,0.092,0.822,0.394,0.107,0.223,0.149,1.280,1.048,0.246,0.529,0.084,0.835,0.319,0.103,0.237,0.162,1.266,1.070,0.247,0.518,0.080,0.833,0.419,0.103,0.264,0.159,1.268,1.070,0.244,0.519,0.088
11:15:05,0.099,0.084,0.089,0.092,0.084,0.083,0.089,0.082,0.080,0.089,0.645,0.456,0.099,0.214,0.159,1.060,1.034,0.105,0.253,0.087,0.692,0.389,0.095,0.209,0.163,1.076,1.032,0.107,0.269,0.085,0.687,0.409,0.097,0.224,0.163,1.062,1.036,0.105,0.307,0.087,1.026,0.394,0.125,0.185,0.131,1.439,1.082,0.776,1.163,0.088,1.076,0.366,0.123,0.202,0.132,1.445,1.090,0.767,1.155,0.090,1.082,0.364,0.125,0.196,0.134,1.451,1.078,0.753,1.185,0.087,1.078,0.362,0.230,0.186,0.133,1.461,1.141,1.733,1.167,0.089,1.064,0.390,0.230,0.195,0.136,1.459,1.153,1.730,1.181,0.084,1.062,0.412,0.238,0.195,0.133,1.457,1.181,1.726,1.127,0.093,0.877,0.421,0.107,0.234,0.157,1.298,1.096,0.258,0.535,0.086,0.891,0.338,0.104,0.249,0.168,1.284,1.116,0.258,0.526,0.081,0.890,0.451,0.102,0.279,0.165,1.284,1.114,0.254,0.525,0.088
11:30:06,0.103,0.086,0.087,0.092,0.083,0.081,0.087,0.086,0.081,0.086,0.689,0.485,0.098,0.224,0.164,1.078,1.054,0.105,0.262,0.089,0.737,0.415,0.097,0.219,0.167,1.092,1.054,0.107,0.276,0.085,0.732,0.438,0.097,0.234,0.170,1.078,1.056,0.104,0.317,0.086,1.070,0.413,0.131,0.190,0.133,1.465,1.133,0.847,1.215,0.087,1.122,0.386,0.128,0.211,0.136,1.470,1.141,0.835,1.209,0.088,1.127,0.387,0.127,0.204,0.135,1.475,1.129,0.819,1.234,0.087,1.129,0.384,0.246,0.192,0.135,1.489,1.193,1.746,1.219,0.089,1.120,0.406,0.245,0.201,0.137,1.486,1.203,1.742,1.231,0.084,1.117,0.430,0.254,0.204,0.135,1.483,1.236,1.739,1.179,0.094,0.930,0.448,0.108,0.247,0.157,1.314,1.129,0.268,0.544,0.086,0.943,0.363,0.105,0.260,0.174,1.300,1.151,0.268,0.535,0.081,0.941,0.479,0.107,0.288,0.171,1.300,1.147,0.270,0.533,0.088
11:45:06,0.099,0.084,0.090,0.092,0.082,0.084,0.090,0.082,0.080,0.088,0.730,0.514,0.098,0.235,0.170,1.094,1.074,0.105,0.271,0.086,0.777,0.442,0.098,0.228,0.173,1.108,1.074,0.108,0.286,0.086,0.777,0.467,0.097,0.246,0.174,1.092,1.076,0.104,0.322,0.087,1.104,0.433,0.133,0.200,0.135,1.499,1.181,0.914,1.266,0.088,1.159,0.408,0.131,0.218,0.137,1.496,1.189,0.904,1.254,0.088,1.165,0.410,0.132,0.210,0.138,1.498,1.173,0.886,1.276,0.088,1.163,0.403,0.260,0.202,0.140,1.512,1.243,1.754,1.264,0.089,1.155,0.424,0.261,0.209,0.142,1.508,1.256,1.750,1.278,0.081,1.153,0.449,0.267,0.212,0.138,1.508,1.288,1.747,1.231,0.092,0.982,0.480,0.107,0.262,0.165,1.328,1.163,0.278,0.545,0.085,0.996,0.387,0.105,0.276,0.179,1.314,1.181,0.279,0.540,0.081,0.995,0.510,0.104,0.307,0.176,1.312,1.179,0.275,0.545,0.085
12:00:06,0.102,0.085,0.089,0.093,0.083,0.082,0.088,0.086,0.080,0.088,0.773,0.547,0.099,0.246,0.176,1.108,1.098,0.106,0.279,0.087,0.820,0.471,0.098,0.237,0.178,1.124,1.094,0.107,0.296,0.085,0.822,0.498,0.098,0.258,0.179,1.108,1.094,0.106,0.325,0.087,1.135,0.447,0.136,0.207,0.138,1.512,1.234,0.983,1.302,0.089,1.191,0.428,0.135,0.230,0.141,1.520,1.243,0.974,1.292,0.091,1.195,0.428,0.136,0.221,0.143,1.524,1.221,0.952,1.312,0.089,1.197,0.420,0.275,0.210,0.143,1.538,1.294,1.764,1.308,0.091,1.189,0.442,0.279,0.216,0.145,1.536,1.306,1.760,1.320,0.082,1.189,0.464,0.284,0.222,0.141,1.534,1.336,1.758,1.276,0.090,1.030,0.510,0.109,0.274,0.169,1.344,1.193,0.288,0.552,0.084,1.046,0.413,0.106,0.288,0.186,1.328,1.209,0.291,0.547,0.081,1.046,0.543,0.109,0.317,0.187,1.328,1.207,0.294,0.544,0.091
12:15:06,0.099,0.087,0.090,0.091,0.083,0.084,0.091,0.084,0.080,0.087,0.816,0.583,0.099,0.259,0.182,1.125,1.112,0.106,0.285,0.088,0.866,0.501,0.097,0.247,0.184,1.137,1.112,0.109,0.306,0.086,0.869,0.532,0.097,0.271,0.188,1.123,1.112,0.107,0.330,0.086,1.163,0.464,0.144,0.218,0.143,1.538,1.282,1.052,1.338,0.088,1.221,0.446,0.141,0.236,0.145,1.544,1.288,1.044,1.330,0.089,1.225,0.448,0.139,0.234,0.146,1.546,1.272,1.018,1.349,0.086,1.225,0.439,0.295,0.220,0.146,1.556,1.338,1.774,1.351,0.088,1.219,0.459,0.298,0.227,0.149,1.552,1.349,1.772,1.360,0.084,1.219,0.481,0.303,0.229,0.145,1.554,1.377,1.766,1.316,0.094,1.080,0.545,0.109,0.292,0.174,1.354,1.219,0.299,0.561,0.082,1.096,0.439,0.109,0.304,0.194,1.340,1.234,0.301,0.556,0.080,1.092,0.579,0.107,0.337,0.192,1.340,1.229,0.303,0.550,0.094
12:30:05,0.102,0.085,0.088,0.092,0.083,0.082,0.090,0.086,0.080,0.086,0.860,0.618,0.099,0.267,0.188,1.139,1.129,0.106,0.293,0.089,0.907,0.531,0.097,0.262,0.189,1.153,1.129,0.108,0.309,0.085,0.912,0.562,0.097,0.282,0.191,1.135,1.125,0.105,0.329,0.086,1.185,0.486,0.150,0.224,0.146,1.550,1.322,1.122,1.372,0.088,1.247,0.458,0.144,0.249,0.147,1.560,1.326,1.112,1.362,0.090,1.252,0.461,0.143,0.242,0.150,1.556,1.312,1.082,1.381,0.086,1.249,0.455,0.317,0.229,0.151,1.560,1.375,1.780,1.389,0.086,1.242,0.473,0.316,0.235,0.152,1.556,1.385,1.778,1.397,0.083,1.241,0.493,0.321,0.238,0.147,1.558,1.413,1.774,1.353,0.093,1.127,0.574,0.111,0.303,0.182,1.366,1.241,0.313,0.561,0.086,1.141,0.467,0.109,0.320,0.201,1.351,1.254,0.312,0.560,0.081,1.135,0.607,0.107,0.358,0.197,1.351,1.252,0.309,0.560,0.087
12:45:05,0.101,0.084,0.088,0.092,0.083,0.081,0.088,0.084,0.080,0.086,0.903,0.651,0.097,0.283,0.192,1.151,1.143,0.106,0.299,0.089,0.951,0.564,0.095,0.272,0.197,1.161,1.141,0.110,0.318,0.085,0.957,0.594,0.098,0.295,0.197,1.149,1.141,0.107,0.326,0.087,1.203,0.516,0.153,0.237,0.150,1.558,1.357,1.191,1.403,0.088,1.266,0.482,0.150,0.259,0.152,1.567,1.361,1.181,1.397,0.089,1.272,0.482,0.149,0.254,0.154,1.562,1.347,1.147,1.417,0.086,1.266,0.470,0.342,0.238,0.155,1.566,1.413,1.788,1.425,0.088,1.260,0.491,0.337,0.246,0.156,1.562,1.421,1.786,1.435,0.083,1.260,0.508,0.348,0.246,0.153,1.566,1.447,1.780,1.393,0.092,1.169,0.612,0.111,0.322,0.185,1.377,1.262,0.326,0.571,0.083,1.185,0.498,0.110,0.337,0.209,1.363,1.276,0.326,0.571,0.080,1.179,0.648,0.106,0.374,0.206,1.363,1.274,0.323,0.565,0.093
13:00:05,0.104,0.087,0.090,0.091,0.085,0.082,0.088,0.084,0.082,0.088,0.950,0.695,0.099,0.296,0.204,1.167,1.161,0.107,0.303,0.089,1.000,0.603,0.097,0.286,0.206,1.181,1.159,0.110,0.324,0.085,1.002,0.631,0.099,0.312,0.207,1.163,1.159,0.107,0.319,0.088,1.209,0.546,0.162,0.246,0.155,1.560,1.389,1.260,1.435,0.088,1.280,0.506,0.157,0.274,0.157,1.567,1.393,1.252,1.429,0.089,1.286,0.506,0.159,0.266,0.159,1.566,1.381,1.217,1.449,0.089,1.276,0.486,0.368,0.247,0.158,1.571,1.447,1.796,1.449,0.088,1.276,0.508,0.366,0.258,0.163,1.570,1.453,1.792,1.459,0.082,1.274,0.526,0.372,0.259,0.156,1.571,1.480,1.788,1.427,0.095,1.213,0.648,0.114,0.336,0.197,1.387,1.282,0.337,0.582,0.085,1.225,0.530,0.111,0.358,0.215,1.375,1.294,0.339,0.576,0.080,1.223,0.684,0.111,0.392,0.215,1.375,1.292,0.336,0.573,0.089
13:15:05,0.100,0.083,0.091,0.092,0.081,0.082,0.091,0.083,0.080,0.086,0.989,0.731,0.099,0.308,0.210,1.177,1.173,0.108,0.308,0.086,1.038,0.634,0.097,0.298,0.211,1.191,1.173,0.110,0.324,0.086,1.044,0.669,0.096,0.325,0.215,1.175,1.171,0.106,0.305,0.087,1.211,0.580,0.167,0.259,0.159,1.566,1.419,1.326,1.449,0.090,1.278,0.535,0.163,0.285,0.160,1.575,1.425,1.318,1.441,0.091,1.284,0.532,0.164,0.279,0.163,1.573,1.413,1.282,1.463,0.086,1.280,0.503,0.389,0.258,0.164,1.580,1.477,1.800,1.455,0.086,1.276,0.521,0.387,0.268,0.167,1.578,1.486,1.798,1.467,0.083,1.280,0.539,0.395,0.271,0.158,1.581,1.508,1.794,1.437,0.094,1.249,0.686,0.113,0.353,0.201,1.397,1.300,0.349,0.585,0.085,1.264,0.560,0.112,0.373,0.222,1.385,1.310,0.353,0.582,0.080,1.258,0.724,0.108,0.416,0.218,1.385,1.310,0.346,0.579,0.088
13:30:15,0.101,0.086,0.089,0.091,0.084,0.082,0.089,0.083,0.082,0.089,1.032,0.764,0.098,0.328,0.218,1.191,1.187,0.107,0.315,0.087,1.078,0.674,0.096,0.312,0.220,1.203,1.187,0.110,0.322,0.087,1.084,0.708,0.099,0.342,0.222,1.187,1.185,0.107,0.297,0.087,1.213,0.616,0.177,0.269,0.163,1.574,1.449,1.391,1.451,0.087,1.282,0.567,0.172,0.300,0.165,1.580,1.453,1.383,1.447,0.089,1.288,0.563,0.173,0.290,0.169,1.579,1.443,1.346,1.468,0.086,1.286,0.521,0.419,0.274,0.167,1.588,1.504,1.804,1.459,0.087,1.284,0.538,0.417,0.280,0.172,1.587,1.514,1.804,1.471,0.082,1.284,0.553,0.425,0.281,0.164,1.589,1.536,1.794,1.445,0.091,1.288,0.722,0.115,0.374,0.206,1.409,1.316,0.363,0.588,0.082,1.300,0.595,0.113,0.394,0.231,1.395,1.326,0.364,0.582,0.079,1.296,0.757,0.113,0.432,0.227,1.395,1.324,0.366,0.577,0.090
13:45:07,0.102,0.084,0.090,0.094,0.083,0.082,0.088,0.086,0.081,0.086,1.074,0.797,0.099,0.343,0.225,1.203,1.201,0.109,0.317,0.088,1.121,0.714,0.097,0.329,0.229,1.217,1.199,0.112,0.322,0.087,1.125,0.745,0.098,0.359,0.231,1.199,1.197,0.107,0.302,0.089,1.217,0.646,0.188,0.283,0.170,1.584,1.479,1.455,1.455,0.090,1.286,0.604,0.182,0.314,0.169,1.592,1.484,1.445,1.453,0.090,1.292,0.600,0.181,0.307,0.173,1.589,1.472,1.409,1.472,0.086,1.290,0.536,0.452,0.283,0.174,1.599,1.534,1.814,1.465,0.086,1.288,0.552,0.448,0.292,0.176,1.596,1.542,1.811,1.480,0.084,1.288,0.567,0.453,0.295,0.171,1.597,1.565,1.806,1.453,0.094,1.320,0.757,0.114,0.395,0.216,1.419,1.330,0.380,0.588,0.084,1.330,0.630,0.113,0.417,0.241,1.405,1.343,0.378,0.586,0.081,1.328,0.790,0.110,0.460,0.240,1.403,1.342,0.375,0.586,0.090
14:00:06,0.101,0.084,0.088,0.093,0.084,0.082,0.090,0.084,0.081,0.086,1.108,0.822,0.098,0.360,0.233,1.213,1.213,0.109,0.318,0.088,1.155,0.745,0.096,0.346,0.236,1.227,1.211,0.112,0.317,0.086,1.161,0.777,0.100,0.375,0.237,1.209,1.209,0.109,0.301,0.088,1.219,0.674,0.197,0.296,0.172,1.593,1.508,1.512,1.463,0.090,1.290,0.639,0.190,0.329,0.177,1.596,1.510,1.506,1.459,0.091,1.296,0.636,0.192,0.321,0.178,1.599,1.498,1.467,1.478,0.089,1.292,0.550,0.483,0.294,0.179,1.607,1.558,1.817,1.478,0.091,1.292,0.566,0.478,0.302,0.184,1.607,1.566,1.817,1.486,0.084,1.292,0.582,0.482,0.306,0.176,1.609,1.590,1.812,1.461,0.094,1.338,0.788,0.118,0.413,0.227,1.427,1.345,0.392,0.595,0.086,1.342,0.668,0.114,0.438,0.248,1.413,1.357,0.394,0.588,0.081,1.340,0.817,0.113,0.480,0.246,1.415,1.354,0.392,0.596,0.085
14:15:06,0.100,0.085,0.090,0.091,0.081,0.083,0.089,0.082,0.082,0.089,1.147,0.852,0.099,0.380,0.242,1.227,1.227,0.109,0.320,0.087,1.191,0.778,0.097,0.362,0.247,1.238,1.223,0.112,0.313,0.086,1.197,0.807,0.097,0.395,0.250,1.221,1.221,0.107,0.301,0.088,1.223,0.700,0.208,0.314,0.178,1.602,1.532,1.573,1.469,0.087,1.292,0.668,0.202,0.342,0.183,1.605,1.536,1.563,1.467,0.088,1.298,0.666,0.201,0.338,0.184,1.607,1.524,1.518,1.485,0.087,1.296,0.562,0.514,0.310,0.181,1.616,1.582,1.822,1.484,0.086,1.294,0.579,0.509,0.317,0.189,1.616,1.590,1.821,1.491,0.084,1.294,0.594,0.515,0.322,0.180,1.616,1.612,1.816,1.471,0.095,1.346,0.816,0.120,0.436,0.236,1.437,1.358,0.406,0.600,0.087,1.348,0.706,0.115,0.462,0.259,1.423,1.370,0.410,0.590,0.081,1.348,0.845,0.112,0.506,0.251,1.425,1.367,0.407,0.595,0.086
14:30:06,0.104,0.087,0.089,0.091,0.082,0.082,0.088,0.085,0.082,0.088,1.181,0.881,0.100,0.399,0.252,1.238,1.239,0.110,0.322,0.089,1.225,0.808,0.099,0.381,0.256,1.249,1.235,0.112,0.304,0.086,1.231,0.838,0.100,0.417,0.257,1.233,1.233,0.109,0.299,0.088,1.225,0.726,0.219,0.330,0.183,1.612,1.558,1.635,1.475,0.089,1.294,0.693,0.215,0.364,0.189,1.615,1.561,1.625,1.474,0.091,1.302,0.693,0.213,0.351,0.189,1.618,1.548,1.577,1.493,0.089,1.298,0.577,0.553,0.322,0.190,1.625,1.606,1.831,1.491,0.089,1.298,0.592,0.548,0.332,0.195,1.625,1.613,1.828,1.499,0.083,1.298,0.605,0.556,0.331,0.186,1.625,1.629,1.822,1.481,0.095,1.353,0.848,0.119,0.459,0.244,1.445,1.372,0.421,0.608,0.082,1.358,0.743,0.116,0.483,0.270,1.433,1.381,0.424,0.596,0.080,1.356,0.876,0.112,0.529,0.268,1.433,1.379,0.427,0.598,0.092
14:45:06,0.100,0.085,0.091,0.091,0.081,0.082,0.090,0.083,0.080,0.088,1.215,0.906,0.101,0.416,0.265,1.249,1.250,0.110,0.322,0.088,1.256,0.839,0.096,0.401,0.268,1.260,1.247,0.112,0.289,0.086,1.262,0.867,0.098,0.439,0.270,1.244,1.244,0.109,0.282,0.086,1.227,0.747,0.236,0.345,0.192,1.621,1.582,1.691,1.483,0.089,1.296,0.721,0.225,0.379,0.193,1.624,1.585,1.681,1.483,0.089,1.302,0.717,0.230,0.367,0.198,1.625,1.572,1.635,1.500,0.088,1.300,0.588,0.594,0.338,0.196,1.635,1.625,1.838,1.499,0.090,1.300,0.602,0.584,0.348,0.201,1.635,1.631,1.833,1.506,0.084,1.300,0.614,0.592,0.347,0.192,1.633,1.645,1.826,1.491,0.094,1.361,0.871,0.121,0.481,0.253,1.455,1.383,0.438,0.608,0.085,1.365,0.774,0.117,0.507,0.279,1.441,1.393,0.441,0.597,0.081,1.363,0.898,0.114,0.551,0.274,1.441,1.391,0.434,0.613,0.086
15:00:05,0.102,0.086,0.088,0.091,0.085,0.083,0.088,0.085,0.081,0.087,1.246,0.932,0.099,0.437,0.274,1.258,1.260,0.110,0.322,0.090,1.286,0.863,0.096,0.421,0.280,1.268,1.258,0.113,0.286,0.087,1.290,0.892,0.098,0.457,0.279,1.254,1.252,0.109,0.274,0.088,1.229,0.770,0.249,0.362,0.197,1.631,1.607,1.701,1.490,0.089,1.300,0.742,0.243,0.397,0.200,1.633,1.610,1.703,1.485,0.091,1.306,0.741,0.240,0.383,0.203,1.635,1.598,1.690,1.504,0.087,1.304,0.600,0.619,0.353,0.200,1.641,1.639,1.843,1.506,0.087,1.302,0.611,0.617,0.359,0.207,1.641,1.645,1.838,1.512,0.082,1.302,0.624,0.620,0.365,0.196,1.641,1.655,1.833,1.499,0.091,1.366,0.898,0.122,0.507,0.259,1.465,1.395,0.454,0.611,0.081,1.370,0.806,0.118,0.530,0.293,1.451,1.405,0.457,0.601,0.080,1.370,0.927,0.116,0.574,0.282,1.451,1.401,0.455,0.612,0.088
15:15:06,0.103,0.084,0.089,0.093,0.083,0.081,0.089,0.085,0.081,0.086,1.274,0.960,0.100,0.460,0.287,1.270,1.272,0.111,0.326,0.089,1.314,0.893,0.097,0.443,0.289,1.280,1.270,0.112,0.289,0.087,1.318,0.921,0.100,0.480,0.290,1.266,1.266,0.110,0.279,0.088,1.234,0.792,0.270,0.379,0.205,1.639,1.623,1.710,1.502,0.089,1.304,0.767,0.258,0.413,0.207,1.643,1.625,1.713,1.496,0.090,1.310,0.763,0.259,0.409,0.212,1.641,1.619,1.704,1.512,0.086,1.308,0.613,0.647,0.370,0.210,1.649,1.647,1.848,1.518,0.087,1.306,0.622,0.647,0.377,0.216,1.649,1.655,1.844,1.522,0.082,1.306,0.636,0.647,0.375,0.205,1.647,1.661,1.840,1.508,0.091,1.372,0.925,0.122,0.533,0.269,1.474,1.405,0.474,0.620,0.086,1.377,0.834,0.121,0.555,0.306,1.459,1.415,0.475,0.606,0.081,1.375,0.952,0.116,0.601,0.292,1.457,1.413,0.468,0.625,0.086
15:30:06,0.104,0.085,0.088,0.093,0.084,0.082,0.089,0.085,0.080,0.087,1.300,0.983,0.100,0.480,0.297,1.280,1.282,0.111,0.325,0.088,1.336,0.915,0.097,0.462,0.301,1.290,1.280,0.114,0.292,0.086,1.340,0.946,0.100,0.503,0.300,1.276,1.276,0.111,0.281,0.086,1.238,0.814,0.286,0.395,0.212,1.645,1.629,1.721,1.508,0.090,1.306,0.789,0.274,0.431,0.214,1.649,1.633,1.723,1.502,0.090,1.312,0.788,0.271,0.425,0.219,1.651,1.629,1.714,1.518,0.086,1.312,0.620,0.668,0.386,0.215,1.655,1.651,1.851,1.526,0.087,1.310,0.631,0.663,0.391,0.223,1.655,1.657,1.849,1.530,0.082,1.310,0.644,0.668,0.394,0.209,1.659,1.663,1.847,1.514,0.094,1.381,0.949,0.124,0.554,0.282,1.483,1.413,0.491,0.622,0.084,1.385,0.862,0.121,0.580,0.317,1.467,1.425,0.487,0.610,0.080,1.383,0.977,0.121,0.624,0.308,1.465,1.423,0.490,0.625,0.089
15:45:06,0.095,0.081,0.084,0.086,0.081,0.080,0.085,0.082,0.079,0.083,1.318,1.006,0.096,0.502,0.305,1.288,1.294,0.110,0.324,0.084,1.350,0.943,0.093,0.478,0.309,1.298,1.288,0.111,0.292,0.081,1.357,0.968,0.095,0.525,0.310,1.284,1.284,0.109,0.280,0.081,1.240,0.833,0.301,0.413,0.216,1.651,1.633,1.727,1.518,0.085,1.310,0.812,0.288,0.448,0.220,1.653,1.635,1.732,1.510,0.085,1.316,0.808,0.287,0.439,0.224,1.655,1.633,1.722,1.526,0.083,1.314,0.632,0.686,0.398,0.220,1.661,1.653,1.860,1.534,0.083,1.312,0.638,0.681,0.404,0.228,1.661,1.661,1.853,1.540,0.079,1.314,0.650,0.689,0.409,0.212,1.661,1.665,1.850,1.524,0.085,1.387,0.972,0.124,0.579,0.292,1.488,1.425,0.504,0.627,0.082,1.393,0.887,0.120,0.605,0.331,1.475,1.435,0.503,0.618,0.078,1.389,0.999,0.118,0.647,0.324,1.474,1.433,0.503,0.633,0.090
16:00:05,0.099,0.086,0.091,0.091,0.082,0.084,0.089,0.082,0.081,0.089,1.330,1.032,0.101,0.526,0.322,1.298,1.304,0.113,0.333,0.088,1.358,0.969,0.098,0.503,0.325,1.310,1.300,0.114,0.298,0.085,1.365,0.997,0.100,0.550,0.325,1.296,1.294,0.112,0.282,0.088,1.246,0.859,0.327,0.435,0.227,1.655,1.637,1.738,1.528,0.090,1.316,0.837,0.311,0.473,0.230,1.661,1.641,1.742,1.518,0.092,1.320,0.834,0.317,0.461,0.237,1.663,1.637,1.734,1.534,0.088,1.320,0.642,0.710,0.416,0.233,1.665,1.659,1.862,1.544,0.091,1.318,0.648,0.707,0.428,0.239,1.669,1.663,1.861,1.548,0.084,1.316,0.660,0.713,0.425,0.224,1.669,1.671,1.855,1.530,0.095,1.397,0.997,0.128,0.604,0.309,1.497,1.435,0.521,0.631,0.086,1.401,0.914,0.123,0.633,0.346,1.483,1.445,0.522,0.625,0.080,1.401,1.024,0.122,0.677,0.340,1.483,1.443,0.520,0.639,0.088
16:15:05,0.101,0.084,0.091,0.092,0.081,0.083,0.089,0.083,0.081,0.089,1.336,1.052,0.102,0.550,0.334,1.310,1.314,0.113,0.342,0.087,1.365,0.992,0.097,0.527,0.341,1.318,1.308,0.114,0.302,0.086,1.370,1.020,0.098,0.573,0.342,1.304,1.304,0.110,0.286,0.088,1.250,0.881,0.353,0.456,0.235,1.661,1.643,1.748,1.536,0.088,1.318,0.858,0.337,0.489,0.236,1.667,1.647,1.750,1.528,0.089,1.324,0.858,0.336,0.481,0.243,1.669,1.643,1.742,1.544,0.087,1.324,0.650,0.729,0.431,0.237,1.671,1.663,1.870,1.552,0.089,1.322,0.657,0.730,0.444,0.247,1.673,1.669,1.867,1.556,0.084,1.324,0.668,0.733,0.441,0.230,1.675,1.675,1.861,1.538,0.095,1.405,1.024,0.128,0.636,0.322,1.504,1.447,0.533,0.640,0.084,1.413,0.941,0.125,0.663,0.359,1.492,1.455,0.539,0.632,0.081,1.411,1.048,0.121,0.705,0.350,1.490,1.455,0.529,0.650,0.088
16:30:05,0.100,0.084,0.090,0.093,0.082,0.081,0.088,0.086,0.081,0.087,1.342,1.074,0.101,0.575,0.346,1.318,1.324,0.113,0.350,0.089,1.372,1.014,0.100,0.551,0.355,1.326,1.316,0.115,0.303,0.086,1.377,1.042,0.099,0.598,0.352,1.314,1.314,0.112,0.290,0.087,1.256,0.904,0.377,0.472,0.245,1.663,1.649,1.756,1.538,0.088,1.324,0.883,0.362,0.497,0.246,1.671,1.653,1.756,1.538,0.090,1.328,0.881,0.360,0.492,0.255,1.673,1.649,1.749,1.552,0.087,1.328,0.659,0.750,0.448,0.245,1.673,1.669,1.872,1.561,0.087,1.326,0.666,0.747,0.457,0.257,1.677,1.675,1.870,1.565,0.083,1.328,0.676,0.753,0.458,0.239,1.677,1.679,1.863,1.548,0.093,1.411,1.046,0.129,0.661,0.334,1.512,1.453,0.551,0.651,0.082,1.421,0.965,0.126,0.686,0.377,1.499,1.463,0.552,0.642,0.080,1.419,1.068,0.123,0.732,0.366,1.498,1.461,0.547,0.659,0.093
16:45:05,0.100,0.086,0.091,0.091,0.083,0.084,0.090,0.083,0.080,0.088,1.349,1.094,0.102,0.596,0.359,1.326,1.330,0.114,0.354,0.087,1.375,1.034,0.099,0.573,0.369,1.334,1.324,0.115,0.303,0.086,1.381,1.062,0.101,0.619,0.366,1.320,1.322,0.112,0.292,0.087,1.260,0.923,0.403,0.490,0.253,1.665,1.649,1.760,1.542,0.089,1.326,0.902,0.385,0.512,0.255,1.671,1.659,1.766,1.542,0.091,1.332,0.901,0.386,0.503,0.265,1.675,1.653,1.758,1.558,0.087,1.332,0.668,0.767,0.459,0.256,1.677,1.671,1.879,1.567,0.091,1.330,0.673,0.765,0.474,0.263,1.679,1.677,1.874,1.572,0.084,1.330,0.682,0.766,0.471,0.248,1.681,1.681,1.868,1.554,0.093,1.421,1.068,0.133,0.683,0.349,1.518,1.463,0.563,0.662,0.084,1.429,0.989,0.127,0.710,0.393,1.506,1.473,0.565,0.646,0.081,1.425,1.092,0.123,0.756,0.381,1.506,1.470,0.561,0.668,0.089
17:00:05,0.095,0.082,0.084,0.085,0.080,0.080,0.087,0.080,0.079,0.083,1.356,1.121,0.097,0.618,0.370,1.332,1.338,0.112,0.346,0.082,1.383,1.060,0.095,0.596,0.375,1.340,1.334,0.112,0.309,0.083,1.391,1.086,0.095,0.647,0.379,1.330,1.330,0.109,0.296,0.083,1.262,0.947,0.427,0.499,0.260,1.671,1.655,1.772,1.552,0.085,1.332,0.924,0.409,0.527,0.260,1.675,1.663,1.774,1.552,0.085,1.338,0.924,0.410,0.519,0.270,1.681,1.655,1.766,1.568,0.084,1.336,0.675,0.785,0.468,0.261,1.681,1.679,1.883,1.577,0.084,1.334,0.680,0.780,0.482,0.271,1.683,1.681,1.879,1.580,0.078,1.334,0.690,0.785,0.481,0.249,1.685,1.686,1.875,1.561,0.086,1.427,1.092,0.131,0.711,0.359,1.526,1.472,0.578,0.673,0.080,1.437,1.012,0.127,0.738,0.407,1.514,1.482,0.580,0.667,0.078,1.433,1.117,0.122,0.784,0.397,1.514,1.477,0.576,0.691,0.083
17:15:05,0.104,0.085,0.090,0.093,0.082,0.082,0.090,0.085,0.081,0.087,1.365,1.139,0.101,0.646,0.391,1.343,1.353,0.114,0.360,0.088,1.391,1.084,0.098,0.623,0.396,1.352,1.342,0.115,0.316,0.087,1.397,1.110,0.100,0.673,0.395,1.338,1.340,0.111,0.305,0.089,1.272,0.968,0.465,0.517,0.275,1.675,1.661,1.782,1.562,0.090,1.340,0.948,0.442,0.555,0.278,1.681,1.667,1.782,1.560,0.091,1.345,0.948,0.445,0.540,0.284,1.681,1.663,1.774,1.574,0.086,1.344,0.686,0.804,0.485,0.271,1.685,1.681,1.887,1.584,0.088,1.342,0.687,0.802,0.496,0.284,1.687,1.687,1.887,1.589,0.082,1.340,0.699,0.806,0.496,0.261,1.688,1.689,1.879,1.568,0.093,1.437,1.112,0.136,0.735,0.372,1.532,1.479,0.594,0.682,0.083,1.447,1.034,0.130,0.762,0.426,1.518,1.490,0.594,0.685,0.080,1.443,1.135,0.128,0.807,0.416,1.520,1.486,0.593,0.703,0.088
17:30:06,0.103,0.085,0.088,0.094,0.082,0.083,0.091,0.084,0.080,0.089,1.370,1.157,0.102,0.672,0.404,1.351,1.358,0.115,0.368,0.087,1.397,1.102,0.101,0.647,0.412,1.360,1.349,0.115,0.324,0.087,1.405,1.129,0.100,0.698,0.413,1.348,1.347,0.111,0.313,0.089,1.278,0.992,0.502,0.543,0.284,1.679,1.669,1.790,1.570,0.088,1.347,0.971,0.480,0.576,0.287,1.683,1.675,1.790,1.565,0.089,1.351,0.970,0.476,0.561,0.296,1.687,1.669,1.784,1.581,0.089,1.348,0.693,0.828,0.496,0.282,1.687,1.691,1.893,1.591,0.092,1.345,0.697,0.821,0.508,0.294,1.689,1.695,1.891,1.596,0.082,1.344,0.707,0.823,0.508,0.271,1.693,1.695,1.885,1.574,0.093,1.449,1.135,0.136,0.763,0.390,1.540,1.487,0.608,0.698,0.083,1.459,1.062,0.132,0.796,0.442,1.526,1.499,0.608,0.705,0.080,1.453,1.157,0.127,0.847,0.431,1.526,1.494,0.601,0.732,0.085
17:45:06,0.097,0.080,0.084,0.087,0.079,0.080,0.086,0.080,0.079,0.084,1.377,1.175,0.098,0.695,0.417,1.358,1.365,0.113,0.366,0.082,1.401,1.125,0.095,0.671,0.425,1.367,1.356,0.112,0.328,0.082,1.411,1.149,0.097,0.723,0.424,1.354,1.355,0.110,0.314,0.083,1.284,1.008,0.535,0.559,0.295,1.681,1.677,1.796,1.578,0.085,1.352,0.992,0.508,0.600,0.294,1.687,1.683,1.796,1.575,0.087,1.355,0.992,0.512,0.585,0.304,1.689,1.677,1.790,1.590,0.083,1.352,0.700,0.841,0.509,0.287,1.691,1.694,1.899,1.597,0.082,1.349,0.701,0.839,0.514,0.301,1.694,1.700,1.897,1.601,0.080,1.349,0.715,0.840,0.517,0.277,1.695,1.701,1.887,1.578,0.086,1.453,1.155,0.136,0.791,0.407,1.546,1.494,0.621,0.713,0.081,1.463,1.082,0.131,0.818,0.456,1.532,1.504,0.621,0.722,0.078,1.461,1.175,0.125,0.869,0.447,1.532,1.502,0.616,0.746,0.088
18:00:06,0.104,0.086,0.088,0.091,0.084,0.084,0.091,0.083,0.082,0.090,1.385,1.195,0.102,0.720,0.437,1.365,1.372,0.115,0.371,0.088,1.411,1.145,0.099,0.698,0.448,1.375,1.365,0.118,0.337,0.084,1.419,1.167,0.101,0.748,0.441,1.363,1.363,0.114,0.323,0.087,1.290,1.032,0.574,0.587,0.308,1.685,1.681,1.802,1.585,0.089,1.359,1.014,0.555,0.626,0.310,1.691,1.692,1.804,1.585,0.090,1.364,1.016,0.552,0.617,0.319,1.694,1.683,1.796,1.592,0.086,1.357,0.710,0.862,0.522,0.301,1.694,1.700,1.905,1.604,0.087,1.355,0.710,0.859,0.533,0.314,1.697,1.707,1.901,1.606,0.082,1.355,0.725,0.863,0.534,0.290,1.699,1.703,1.893,1.584,0.093,1.461,1.173,0.139,0.824,0.421,1.550,1.502,0.636,0.728,0.083,1.471,1.104,0.135,0.850,0.478,1.538,1.512,0.636,0.740,0.080,1.467,1.195,0.128,0.896,0.469,1.538,1.506,0.631,0.765,0.091
18:15:05,0.104,0.087,0.090,0.091,0.083,0.083,0.089,0.085,0.081,0.088,1.393,1.209,0.102,0.742,0.453,1.373,1.379,0.115,0.381,0.090,1.419,1.163,0.099,0.721,0.463,1.379,1.372,0.117,0.345,0.086,1.425,1.185,0.101,0.772,0.459,1.369,1.372,0.114,0.331,0.088,1.298,1.048,0.598,0.616,0.321,1.688,1.687,1.808,1.592,0.089,1.367,1.032,0.582,0.654,0.323,1.695,1.697,1.811,1.587,0.091,1.370,1.032,0.585,0.640,0.334,1.699,1.690,1.804,1.602,0.088,1.363,0.716,0.880,0.534,0.313,1.698,1.704,1.909,1.607,0.090,1.362,0.716,0.877,0.545,0.326,1.701,1.710,1.903,1.612,0.082,1.361,0.730,0.879,0.545,0.300,1.704,1.710,1.897,1.586,0.093,1.471,1.191,0.142,0.849,0.437,1.558,1.510,0.649,0.740,0.083,1.478,1.127,0.135,0.879,0.493,1.542,1.520,0.650,0.751,0.080,1.475,1.213,0.130,0.919,0.486,1.542,1.516,0.647,0.778,0.088
18:30:05,0.100,0.085,0.090,0.091,0.084,0.083,0.089,0.083,0.082,0.090,1.397,1.223,0.102,0.771,0.470,1.381,1.391,0.116,0.387,0.087,1.425,1.181,0.100,0.748,0.480,1.389,1.379,0.115,0.353,0.086,1.433,1.203,0.101,0.798,0.476,1.377,1.379,0.113,0.343,0.088,1.306,1.068,0.618,0.647,0.332,1.692,1.696,1.814,1.597,0.090,1.374,1.052,0.610,0.691,0.333,1.699,1.702,1.816,1.593,0.092,1.377,1.052,0.613,0.673,0.345,1.704,1.696,1.811,1.609,0.088,1.369,0.725,0.897,0.547,0.327,1.703,1.712,1.913,1.614,0.091,1.365,0.728,0.894,0.563,0.337,1.708,1.717,1.909,1.619,0.083,1.366,0.742,0.898,0.557,0.309,1.708,1.711,1.903,1.592,0.095,1.479,1.211,0.145,0.878,0.456,1.558,1.514,0.664,0.758,0.085,1.485,1.149,0.136,0.905,0.513,1.546,1.528,0.664,0.765,0.080,1.481,1.231,0.129,0.948,0.507,1.544,1.524,0.657,0.807,0.091
18:45:06,0.102,0.086,0.090,0.091,0.082,0.084,0.090,0.083,0.081,0.089,1.407,1.239,0.101,0.793,0.483,1.387,1.393,0.115,0.397,0.088,1.431,1.195,0.100,0.769,0.494,1.397,1.385,0.117,0.362,0.086,1.437,1.217,0.101,0.822,0.491,1.383,1.385,0.114,0.353,0.088,1.312,1.084,0.639,0.673,0.346,1.698,1.701,1.820,1.603,0.090,1.379,1.072,0.629,0.715,0.344,1.705,1.707,1.821,1.596,0.092,1.385,1.072,0.634,0.699,0.359,1.710,1.704,1.815,1.612,0.087,1.374,0.732,0.911,0.559,0.335,1.708,1.715,1.917,1.618,0.089,1.370,0.735,0.909,0.571,0.346,1.712,1.719,1.913,1.625,0.083,1.372,0.744,0.910,0.569,0.317,1.712,1.716,1.905,1.595,0.094,1.482,1.227,0.146,0.903,0.473,1.562,1.522,0.678,0.777,0.084,1.491,1.167,0.139,0.932,0.528,1.546,1.534,0.677,0.780,0.080,1.489,1.246,0.135,0.968,0.519,1.544,1.530,0.670,0.827,0.089
19:00:05,0.100,0.084,0.091,0.093,0.082,0.081,0.092,0.086,0.081,0.086,1.415,1.256,0.103,0.821,0.504,1.393,1.401,0.116,0.400,0.089,1.441,1.215,0.098,0.799,0.514,1.403,1.391,0.118,0.375,0.086,1.449,1.234,0.101,0.855,0.512,1.389,1.391,0.113,0.366,0.089,1.318,1.102,0.661,0.703,0.360,1.705,1.705,1.824,1.611,0.090,1.387,1.090,0.652,0.744,0.356,1.711,1.714,1.825,1.604,0.089,1.391,1.094,0.656,0.730,0.372,1.711,1.709,1.822,1.618,0.088,1.379,0.743,0.931,0.576,0.347,1.713,1.719,1.923,1.624,0.091,1.375,0.747,0.929,0.586,0.359,1.715,1.724,1.921,1.631,0.084,1.377,0.758,0.929,0.583,0.333,1.716,1.721,1.911,1.600,0.095,1.489,1.243,0.149,0.930,0.494,1.563,1.528,0.690,0.795,0.084,1.496,1.187,0.141,0.958,0.550,1.546,1.540,0.690,0.788,0.081,1.493,1.260,0.133,0.993,0.545,1.546,1.538,0.684,0.877,0.092
19:15:05,0.101,0.086,0.090,0.091,0.081,0.084,0.091,0.083,0.081,0.089,1.421,1.264,0.104,0.846,0.519,1.399,1.407,0.116,0.410,0.087,1.447,1.229,0.098,0.824,0.529,1.409,1.399,0.118,0.384,0.087,1.455,1.250,0.102,0.880,0.527,1.399,1.399,0.113,0.378,0.089,1.326,1.118,0.681,0.727,0.373,1.712,1.710,1.829,1.614,0.087,1.395,1.106,0.670,0.768,0.372,1.714,1.721,1.832,1.608,0.089,1.397,1.108,0.678,0.759,0.384,1.718,1.713,1.825,1.625,0.088,1.385,0.752,0.944,0.586,0.359,1.718,1.723,1.925,1.629,0.090,1.381,0.753,0.941,0.598,0.372,1.720,1.729,1.923,1.633,0.082,1.381,0.768,0.941,0.595,0.343,1.722,1.723,1.915,1.604,0.094,1.494,1.256,0.149,0.951,0.506,1.562,1.536,0.699,0.821,0.082,1.500,1.203,0.142,0.979,0.566,1.548,1.544,0.705,0.790,0.080,1.500,1.274,0.135,1.014,0.556,1.548,1.542,0.695,0.903,0.086
19:30:05,0.102,0.084,0.091,0.093,0.082,0.082,0.092,0.085,0.081,0.088,1.429,1.276,0.103,0.874,0.539,1.407,1.413,0.117,0.419,0.088,1.453,1.242,0.099,0.850,0.547,1.415,1.405,0.118,0.396,0.087,1.461,1.262,0.101,0.903,0.547,1.405,1.405,0.112,0.392,0.087,1.334,1.131,0.702,0.757,0.391,1.713,1.716,1.833,1.621,0.090,1.403,1.122,0.693,0.794,0.384,1.718,1.725,1.835,1.615,0.092,1.405,1.124,0.698,0.783,0.403,1.723,1.718,1.832,1.627,0.089,1.391,0.759,0.961,0.600,0.371,1.723,1.729,1.927,1.633,0.093,1.387,0.763,0.958,0.612,0.386,1.725,1.733,1.927,1.639,0.084,1.387,0.777,0.956,0.607,0.355,1.724,1.726,1.919,1.608,0.093,1.497,1.270,0.151,0.974,0.527,1.564,1.540,0.712,0.844,0.087,1.508,1.221,0.143,1.000,0.585,1.548,1.550,0.717,0.811,0.081,1.504,1.286,0.137,1.032,0.579,1.550,1.546,0.711,0.956,0.090
19:45:05,0.101,0.085,0.089,0.091,0.082,0.083,0.089,0.084,0.081,0.088,1.435,1.284,0.102,0.896,0.555,1.413,1.419,0.117,0.430,0.088,1.461,1.256,0.099,0.876,0.565,1.421,1.411,0.117,0.409,0.085,1.469,1.274,0.101,0.929,0.564,1.409,1.411,0.113,0.410,0.087,1.340,1.145,0.719,0.778,0.401,1.716,1.720,1.836,1.623,0.088,1.409,1.135,0.712,0.817,0.396,1.724,1.727,1.838,1.616,0.090,1.411,1.139,0.713,0.805,0.417,1.727,1.721,1.836,1.629,0.087,1.395,0.770,0.974,0.613,0.382,1.726,1.731,1.933,1.639,0.089,1.389,0.773,0.969,0.626,0.398,1.728,1.734,1.929,1.643,0.083,1.391,0.786,0.970,0.620,0.364,1.728,1.727,1.921,1.611,0.094,1.500,1.280,0.153,0.997,0.544,1.569,1.548,0.722,0.859,0.084,1.510,1.238,0.145,1.022,0.604,1.554,1.554,0.725,0.827,0.080,1.508,1.296,0.139,1.054,0.597,1.554,1.552,0.720,0.986,0.089
20:00:06,0.101,0.085,0.089,0.092,0.082,0.082,0.090,0.084,0.081,0.088,1.443,1.292,0.103,0.922,0.570,1.419,1.429,0.117,0.440,0.088,1.467,1.270,0.100,0.901,0.584,1.427,1.417,0.117,0.418,0.086,1.474,1.282,0.101,0.952,0.582,1.415,1.417,0.114,0.419,0.087,1.349,1.157,0.738,0.806,0.418,1.719,1.725,1.841,1.629,0.089,1.417,1.151,0.732,0.840,0.414,1.726,1.730,1.841,1.621,0.090,1.419,1.155,0.734,0.828,0.432,1.729,1.727,1.840,1.633,0.087,1.401,0.779,0.989,0.627,0.394,1.730,1.735,1.939,1.645,0.089,1.397,0.780,0.985,0.638,0.410,1.733,1.738,1.933,1.649,0.084,1.397,0.796,0.985,0.634,0.377,1.731,1.729,1.925,1.616,0.095,1.506,1.290,0.155,1.018,0.560,1.572,1.548,0.733,0.884,0.084,1.516,1.254,0.147,1.044,0.623,1.556,1.554,0.739,0.837,0.080,1.512,1.304,0.141,1.070,0.616,1.558,1.554,0.732,0.998,0.089
20:15:05,0.101,0.085,0.089,0.091,0.082,0.082,0.089,0.084,0.081,0.088,1.447,1.298,0.103,0.944,0.590,1.425,1.431,0.117,0.443,0.088,1.471,1.280,0.100,0.927,0.601,1.433,1.423,0.117,0.421,0.086,1.479,1.290,0.101,0.976,0.602,1.421,1.423,0.114,0.424,0.088,1.357,1.171,0.760,0.827,0.436,1.724,1.730,1.845,1.631,0.088,1.425,1.165,0.752,0.861,0.427,1.731,1.734,1.847,1.625,0.090,1.427,1.167,0.755,0.848,0.448,1.735,1.732,1.843,1.641,0.087,1.407,0.789,1.002,0.638,0.407,1.734,1.738,1.941,1.651,0.090,1.401,0.790,1.000,0.649,0.424,1.737,1.742,1.940,1.653,0.083,1.403,0.806,0.999,0.646,0.390,1.735,1.733,1.929,1.619,0.094,1.510,1.296,0.157,1.036,0.577,1.573,1.550,0.745,0.892,0.084,1.520,1.266,0.147,1.064,0.643,1.558,1.556,0.749,0.848,0.080,1.516,1.310,0.142,1.090,0.632,1.558,1.552,0.742,1.016,0.089
20:30:05,0.101,0.085,0.089,0.092,0.082,0.082,0.089,0.084,0.081,0.088,1.451,1.302,0.103,0.970,0.606,1.431,1.439,0.117,0.447,0.088,1.475,1.288,0.100,0.951,0.620,1.441,1.429,0.118,0.432,0.085,1.484,1.298,0.102,0.997,0.622,1.425,1.429,0.114,0.430,0.087,1.364,1.183,0.777,0.849,0.449,1.727,1.734,1.850,1.635,0.088,1.433,1.179,0.769,0.881,0.446,1.735,1.737,1.851,1.631,0.090,1.437,1.181,0.774,0.873,0.465,1.738,1.735,1.847,1.645,0.087,1.415,0.801,1.018,0.652,0.423,1.738,1.754,1.948,1.655,0.090,1.407,0.801,1.014,0.666,0.438,1.739,1.746,1.944,1.655,0.083,1.409,0.817,1.012,0.658,0.401,1.737,1.733,1.933,1.620,0.094,1.516,1.304,0.160,1.056,0.597,1.575,1.552,0.756,0.913,0.084,1.524,1.280,0.149,1.082,0.661,1.561,1.558,0.760,0.868,0.080,1.520,1.316,0.145,1.106,0.652,1.563,1.558,0.752,1.024,0.089
20:45:05,0.102,0.084,0.089,0.091,0.082,0.082,0.089,0.083,0.081,0.088,1.455,1.306,0.103,0.989,0.625,1.437,1.445,0.117,0.450,0.087,1.477,1.294,0.100,0.973,0.636,1.445,1.435,0.117,0.435,0.085,1.488,1.304,0.101,1.018,0.640,1.433,1.437,0.114,0.437,0.087,1.372,1.193,0.798,0.871,0.468,1.731,1.739,1.854,1.641,0.088,1.441,1.191,0.788,0.903,0.464,1.738,1.742,1.855,1.635,0.090,1.443,1.195,0.794,0.892,0.482,1.742,1.739,1.852,1.649,0.087,1.421,0.809,1.032,0.668,0.437,1.741,1.745,1.950,1.657,0.089,1.413,0.811,1.026,0.680,0.450,1.743,1.749,1.949,1.659,0.083,1.415,0.826,1.026,0.671,0.414,1.740,1.736,1.938,1.622,0.094,1.516,1.308,0.161,1.076,0.614,1.577,1.552,0.764,0.939,0.084,1.528,1.290,0.150,1.100,0.679,1.563,1.558,0.769,0.876,0.080,1.524,1.320,0.144,1.124,0.674,1.563,1.556,0.763,1.032,0.088
21:00:05,0.101,0.085,0.089,0.092,0.082,0.083,0.090,0.084,0.081,0.088,1.457,1.308,0.104,1.008,0.643,1.443,1.455,0.118,0.461,0.089,1.481,1.298,0.100,0.992,0.653,1.453,1.441,0.118,0.445,0.086,1.491,1.306,0.103,1.038,0.658,1.439,1.441,0.114,0.441,0.088,1.381,1.201,0.817,0.892,0.484,1.735,1.744,1.857,1.645,0.089,1.449,1.203,0.810,0.926,0.479,1.742,1.745,1.858,1.641,0.091,1.451,1.207,0.815,0.912,0.498,1.745,1.745,1.855,1.653,0.087,1.427,0.820,1.042,0.680,0.450,1.743,1.748,1.952,1.661,0.090,1.419,0.823,1.044,0.694,0.467,1.744,1.750,1.953,1.661,0.084,1.423,0.837,1.040,0.685,0.427,1.742,1.739,1.939,1.625,0.095,1.524,1.312,0.164,1.092,0.633,1.579,1.554,0.774,0.972,0.085,1.532,1.298,0.154,1.118,0.700,1.565,1.560,0.779,0.882,0.080,1.528,1.322,0.147,1.141,0.691,1.565,1.558,0.773,1.044,0.089
21:15:05,0.101,0.085,0.089,0.091,0.082,0.082,0.090,0.084,0.081,0.088,1.463,1.312,0.104,1.030,0.661,1.449,1.459,0.117,0.468,0.088,1.485,1.302,0.101,1.014,0.672,1.461,1.445,0.118,0.445,0.085,1.493,1.310,0.103,1.058,0.676,1.443,1.449,0.115,0.458,0.088,1.389,1.205,0.837,0.913,0.501,1.737,1.752,1.861,1.649,0.088,1.457,1.211,0.828,0.944,0.493,1.744,1.747,1.863,1.645,0.090,1.459,1.217,0.834,0.933,0.514,1.749,1.750,1.859,1.659,0.087,1.433,0.829,1.056,0.697,0.466,1.747,1.749,1.958,1.665,0.090,1.427,0.832,1.054,0.706,0.479,1.748,1.752,1.953,1.661,0.083,1.429,0.846,1.054,0.700,0.440,1.745,1.739,1.942,1.629,0.095,1.526,1.316,0.167,1.112,0.651,1.580,1.556,0.784,1.000,0.084,1.536,1.306,0.156,1.133,0.717,1.566,1.562,0.789,0.927,0.080,1.532,1.326,0.150,1.155,0.711,1.567,1.561,0.783,1.054,0.089
21:30:05,0.102,0.085,0.090,0.092,0.082,0.083,0.090,0.084,0.081,0.089,1.467,1.316,0.105,1.048,0.677,1.455,1.465,0.118,0.471,0.089,1.488,1.306,0.101,1.032,0.690,1.468,1.451,0.118,0.452,0.085,1.498,1.314,0.103,1.072,0.697,1.451,1.455,0.114,0.458,0.088,1.395,1.207,0.853,0.934,0.518,1.741,1.752,1.864,1.653,0.088,1.465,1.219,0.847,0.964,0.512,1.749,1.750,1.866,1.649,0.090,1.468,1.223,0.852,0.954,0.531,1.752,1.752,1.862,1.661,0.087,1.439,0.840,1.070,0.709,0.480,1.750,1.752,1.960,1.667,0.090,1.435,0.844,1.066,0.724,0.494,1.749,1.754,1.959,1.663,0.084,1.435,0.856,1.064,0.712,0.453,1.747,1.742,1.946,1.631,0.095,1.528,1.320,0.169,1.129,0.668,1.582,1.556,0.793,1.010,0.084,1.540,1.312,0.157,1.151,0.738,1.569,1.565,0.800,0.960,0.080,1.536,1.330,0.151,1.173,0.729,1.569,1.563,0.791,1.088,0.089
21:45:05,0.102,0.085,0.089,0.092,0.082,0.083,0.090,0.084,0.081,0.089,1.471,1.320,0.105,1.066,0.696,1.461,1.470,0.118,0.476,0.089,1.493,1.310,0.101,1.054,0.709,1.471,1.459,0.118,0.461,0.086,1.500,1.318,0.103,1.094,0.714,1.455,1.459,0.115,0.469,0.088,1.405,1.211,0.874,0.954,0.534,1.746,1.754,1.867,1.655,0.089,1.473,1.223,0.865,0.985,0.528,1.752,1.754,1.867,1.653,0.090,1.474,1.227,0.870,0.974,0.548,1.754,1.758,1.867,1.663,0.087,1.447,0.852,1.082,0.724,0.494,1.752,1.754,1.963,1.671,0.090,1.441,0.853,1.080,0.736,0.507,1.752,1.756,1.962,1.669,0.083,1.441,0.867,1.078,0.725,0.466,1.749,1.745,1.952,1.635,0.095,1.534,1.322,0.173,1.143,0.688,1.583,1.558,0.802,1.030,0.084,1.544,1.314,0.159,1.167,0.755,1.570,1.567,0.808,0.960,0.080,1.540,1.334,0.152,1.187,0.750,1.571,1.566,0.801,1.127,0.089
22:00:05,0.102,0.085,0.089,0.092,0.083,0.083,0.090,0.084,0.081,0.089,1.475,1.324,0.104,1.082,0.716,1.467,1.477,0.119,0.483,0.089,1.496,1.316,0.101,1.068,0.725,1.477,1.463,0.119,0.470,0.086,1.506,1.320,0.104,1.108,0.734,1.459,1.465,0.115,0.477,0.088,1.411,1.215,0.890,0.975,0.550,1.746,1.760,1.873,1.659,0.089,1.482,1.225,0.882,1.002,0.543,1.754,1.760,1.874,1.655,0.090,1.483,1.234,0.887,0.992,0.563,1.756,1.762,1.869,1.665,0.087,1.453,0.862,1.094,0.737,0.508,1.756,1.756,1.965,1.671,0.090,1.445,0.863,1.092,0.749,0.522,1.752,1.756,1.964,1.671,0.084,1.449,0.878,1.090,0.739,0.482,1.749,1.744,1.951,1.639,0.095,1.536,1.326,0.174,1.157,0.706,1.585,1.560,0.810,1.062,0.084,1.548,1.318,0.163,1.179,0.774,1.572,1.568,0.816,0.967,0.080,1.542,1.336,0.155,1.201,0.766,1.572,1.567,0.809,1.137,0.089
22:15:05,0.101,0.085,0.089,0.091,0.082,0.082,0.090,0.084,0.081,0.088,1.479,1.326,0.105,1.100,0.733,1.470,1.482,0.119,0.496,0.089,1.500,1.318,0.102,1.090,0.746,1.485,1.470,0.119,0.480,0.086,1.510,1.324,0.104,1.127,0.753,1.467,1.470,0.115,0.485,0.088,1.419,1.215,0.907,0.994,0.567,1.750,1.764,1.875,1.661,0.088,1.490,1.229,0.901,1.020,0.563,1.758,1.766,1.877,1.659,0.090,1.491,1.237,0.905,1.014,0.582,1.760,1.768,1.873,1.669,0.087,1.459,0.874,1.108,0.754,0.520,1.756,1.760,1.972,1.675,0.090,1.453,0.876,1.106,0.765,0.534,1.756,1.760,1.970,1.675,0.083,1.455,0.889,1.102,0.754,0.495,1.752,1.748,1.955,1.637,0.095,1.538,1.330,0.176,1.173,0.725,1.587,1.562,0.819,1.092,0.084,1.552,1.322,0.164,1.197,0.794,1.574,1.570,0.825,1.022,0.080,1.548,1.342,0.157,1.215,0.785,1.573,1.569,0.817,1.147,0.088
22:30:05,0.095,0.080,0.084,0.086,0.079,0.079,0.085,0.081,0.079,0.083,1.481,1.330,0.101,1.114,0.748,1.474,1.488,0.116,0.496,0.083,1.502,1.322,0.097,1.102,0.760,1.490,1.476,0.116,0.485,0.081,1.514,1.328,0.101,1.141,0.771,1.471,1.475,0.113,0.494,0.083,1.425,1.219,0.922,1.012,0.584,1.756,1.770,1.881,1.665,0.084,1.497,1.231,0.916,1.040,0.579,1.760,1.766,1.879,1.657,0.085,1.497,1.238,0.921,1.032,0.598,1.762,1.770,1.879,1.671,0.084,1.465,0.881,1.118,0.767,0.532,1.760,1.762,1.973,1.681,0.084,1.459,0.882,1.116,0.774,0.547,1.760,1.764,1.971,1.679,0.080,1.461,0.898,1.112,0.765,0.504,1.754,1.748,1.959,1.637,0.088,1.544,1.334,0.177,1.189,0.741,1.589,1.566,0.827,1.100,0.082,1.556,1.326,0.164,1.211,0.813,1.577,1.573,0.832,1.030,0.079,1.550,1.344,0.156,1.229,0.804,1.577,1.572,0.825,1.157,0.086
